learning_rate,num_layers,num_nodes,batch_size,MAPE,R2
0.0010181106507615465,2.9774238235100396,200.5351560905673,126.05252151255478,34.522931501446436,-2767.210425435379
0.0009983044244240844,2.9648312113429336,252.65888181830877,128.566341287392,49.524173038916636,-5846.832511077963
0.0010028207499269213,3.000741160397043,302.199378675964,126.31590739722712,8.655640730665288,-110.96183943204993
0.0009851940963250636,4.007700169183421,200.05064928784134,128.41169330270435,44.39696077232232,-5185.25235828492
0.0009936485310018226,3.9838762584805645,247.51564447215173,129.26255311155518,110.87802585234466,-32271.380214670244
0.000985416985118867,3.9605606581170476,301.78629406512846,126.69297549331326,23.189335554754187,-1259.0309850087058
0.0009840351056081287,6.032113764586131,200.89511318765196,129.39270663453374,1.8015506204025549,-5.516877340609366
0.0010012857694665022,5.944029659915594,249.88748498593012,129.3692027181408,8.125023012693,-145.52293075503127
0.000997514621404681,6.034023742853717,302.0528993582639,127.16342074896012,65.55594280596259,-10452.965437785477
