learning_rate,num_layers,num_nodes,batch_size,MAPE,R2
0.0009919994819302563,2.9654639027127994,198.95139845590114,126.3784048661952,0.2720617534328971,0.8918115385710447
0.0009879861038255397,2.944229185676978,243.73428312393392,128.5830696420754,0.18830370255448667,0.8939273718495877
0.0010042291572368623,2.968545661377434,296.25900487019214,128.24805867520652,0.24320004275426665,0.8837591971607434
0.001007949090115806,4.018348573568521,200.2238810679235,129.86913805871575,0.33792824635690855,0.8679422865781063
0.0010096875441531806,4.04940316089033,244.89534139464735,129.10567115329778,0.3591289149706712,0.846620215216616
0.0010006866744891616,4.035790634941398,299.44509239588996,128.02397711708593,0.24153850911791114,0.8972185502398621
0.0010069233349678792,6.1176616030269155,200.04433488156204,128.74235712077083,0.23302034219681836,0.7954323856472871
0.001014560126969911,6.108512109637826,250.87509142400614,128.20168490930553,0.25363826433213166,0.8737012795458534
0.001002166547381335,5.917261004141693,298.1457196875536,125.57236494930498,0.519707302510786,0.8243263577284907
