learning_rate,num_layers,num_nodes,batch_size,MAPE,R2
0.001,3,200,128,0.2721971126818728,0.8796223239550426
0.001,3,250,128,0.18950830196103963,0.8990415067045501
0.001,3,300,128,0.24367336163695427,0.8926199391872494
0.001,4,200,128,0.3410667022789671,0.8609907322056602
0.001,4,250,128,0.3590135459359595,0.8612959556346546
0.001,4,300,128,0.24289677404295743,0.8851761919374286
0.001,6,200,128,0.22871204977006726,0.7973434209699541
0.001,6,250,128,0.25708184154961217,0.8678897430844449
0.001,6,300,128,0.5247437988000729,0.8222612246794261
