feature_to_remove,RMSE_wind,MAE_wind,R2_wind,RMSE_solar,MAE_solar,R2_solar,RMSE_load,MAE_load,R2_load
DHI,0.03838285090662799,0.025902301985035923,-0.058996154941213685,0.11721861786546947,0.07652615802780696,0.7625809120871717,0.10320944539198337,0.08167678059236855,0.031321329517377317
DNI,0.03706777790997113,0.02083576713535529,0.012327345407075252,0.11799926861278293,0.07222835508997083,0.759408061926421,0.07670047709323795,0.055459622506848695,0.4650206988299931
GHI,0.036100857257578486,0.019811880555572526,0.0631825862789418,0.09793997570993633,0.06535354713255091,0.8342542414299349,0.08182608457389559,0.0683463335507439,0.391130262115138
Dew Point,0.040122741550545425,0.02771985031851561,-0.15718055105494155,0.10316033798616553,0.06604040618190887,0.816114302091028,0.06520613585003479,0.051602770550337136,0.6133502112077186
Solar Zenith Angle,0.03995827972642645,0.025383236314854226,-0.14771350192041544,0.22371571890016598,0.15135377271562955,0.1352004806914504,0.09237828563212386,0.07414020919738235,0.22396618626598208
Wind Speed,0.03494610968892051,0.02192002442681272,0.12215549159300065,0.09026271990407544,0.057130944225480755,0.8592205475200897,0.09253623775909653,0.07695019924873889,0.22131012952048013
Relative Humidity,0.03632140088679724,0.02333033764509061,0.05170140684956914,0.11773803397493579,0.07568742299346541,0.7604721596406366,0.07450974669148001,0.06084754066088053,0.495144580966729
Temperature,0.03491856151185347,0.021200009824680597,0.12353896370932049,0.11392141102122769,0.07075466056646525,0.7757496391218031,0.07301626518895701,0.058835154214492494,0.5151805014095558
