feature_to_remove,RMSE_wind,MAE_wind,,RMSE_solar,MAE_solar,,RMSE_load,MAE_load
DHI,0.038382851,0.025902302,,0.117218618,0.076526158,,0.103209445,0.081676781
DNI,0.037067778,0.020835767,,0.117999269,0.072228355,,0.076700477,0.055459623
GHI,0.036100857,0.019811881,,0.097939976,0.065353547,,0.081826085,0.068346334
Dew Point,0.040122742,0.02771985,,0.103160338,0.066040406,,0.065206136,0.051602771
Solar Zenith Angle,0.03995828,0.025383236,,0.223715719,0.151353773,,0.092378286,0.074140209
Wind Speed,0.03494611,0.021920024,,0.09026272,0.057130944,,0.092536238,0.076950199
Relative Humidity,0.036321401,0.023330338,,0.117738034,0.075687423,,0.074509747,0.060847541
Temperature,0.034918562,0.02120001,,0.113921411,0.070754661,,0.073016265,0.058835154
