learning_rate,num_layers,num_nodes,batch_size,MAPE,R2
0.0009825169267713135,3.007025195401124,201.96591710413927,128.44769107208973,0.4445853745797928,-0.199471572394813
0.0010068154246327262,3.030286775125293,250.7483288382869,128.0161420780221,0.302165770934565,0.6766955991776841
0.000998966876373576,3.0390221903509724,296.85345913990494,128.23446299963376,0.23880850408054072,0.48255468825395986
0.0010149247323220675,3.984514580525303,202.38436843496547,127.6050773888404,0.386552934415885,-0.7524445996814396
0.001009723534173517,4.020850372926352,250.76061205246185,128.18142593491785,0.20650053941065027,0.8498814520035293
0.001003993588070653,4.055239185024511,295.3678839482439,127.7955906076473,0.19524120240033357,0.8340781350699134
0.000999588869906648,5.89479166508152,200.30820220519632,127.27723198064486,0.11431452713270143,0.8384845484396808
0.0009860827525104655,5.991002322807459,249.7697304643512,128.33924442028822,0.279549584143683,0.5620373110729671
0.00101102299391115,6.033795200546396,301.39562065411553,127.9042554373255,0.18839319164931434,0.7632400964301326
