learning_rate,num_layers,num_nodes,batch_size,MAPE,R2
0.0009872702215121315,3.0357391072039652,200.72713079754791,127.11254174924565,0.06286278209275895,0.9832861831477337
0.0010130855595388475,3.011244872586308,251.27336339886992,127.46665692017149,0.08134547685674266,0.9797024710633997
0.0009906861008211116,2.9782678137744405,299.67641535936343,126.18677680507203,0.08071031873178351,0.9711654209180783
0.0009873114208778355,3.9401827820713455,200.93235675974694,127.35824848522915,0.0697798343273097,0.9632842658455079
0.0010013845759723236,3.93202527786044,249.33885119653303,125.24156238170534,0.0825025082605873,0.9746191859045873
0.0009982559027381954,4.043278921082013,296.3479260662393,127.48904060442767,0.07268311012684804,0.9718502990952524
0.0009943620856377275,5.956182177418896,204.05601943000096,127.13007911825768,0.09547445931200302,0.926176456661726
0.0010207418658531307,5.962708399598134,252.21575890031565,129.8581332923029,0.08288266158390488,0.9929906631235801
0.0010093652429422658,6.09008447699761,295.3211069218497,126.98714032461599,0.10109528029712643,0.9544997554633028
