learning_rate,num_layers,num_nodes,batch_size,MAPE_last_col,R2_last_col
0.000998088760714478,3.0483582054322453,201.456720736813,126.67063115715155,0.421009422750568,0.7638260071240763
0.0010132398942470267,3.029350883441562,247.44774590052964,127.18162572060288,0.36072430047926773,0.7569838898481975
0.0009993236246671922,3.0103964737364737,299.17496734287835,127.51661756341352,0.3663894149227339,0.7755262886656065
0.0010078836505360976,3.962777845953704,200.02304838550924,127.19467815588477,0.3679575521398532,0.7611467873978951
0.000994674467569365,3.904091264321997,248.83382642451036,128.94820892142465,0.3804910092856744,0.7833496552339149
0.0009984786624841918,3.9804126954719714,301.0917512127953,127.48501043117734,0.35759278953168655,0.7750708563585289
0.00098782334132535,5.037129590822674,198.12498107412705,126.93111299368785,0.4208965395660016,0.7545844479203011
0.0010012899082758257,5.030558392439315,253.5904624985661,127.826380890668,0.37370657370976584,0.7873931033743349
0.0010096744388722449,4.96471747725499,303.0464553115281,129.70670731346692,0.39273318938223456,0.7446653846843028
