learning_rate,num_layers,num_nodes,batch_size,MAPE,R2
0.0005,5,200,64,823.6539511622611,-47.464808389980796
0.0005,5,200,128,21.13733955326558,0.8275724834310972
0.001,5,200,64,14.46800482193622,0.8666515363489093
0.001,5,200,128,823.6539511622611,-47.464808389980796
