learning_rate,num_layers,num_nodes,batch_size,MAPE,R2
0.0004970530250058818,4.950117846520672,196.00456486478106,63.73097047596125,822.1258487383707,-47.54685908930879
0.0005012815836131472,5.0314732645940685,198.87561748232142,126.67323934512173,20.93887075435903,0.8177665316397783
0.0009890506006901918,5.045021279972825,198.42966938992996,64.32445565467593,14.305395183509722,0.8729924534715332
0.0009949382048199474,4.981053561254056,200.78643960603733,128.58659631619255,818.2476007596637,-46.98813679612702
