learning_rate,num_layers,num_nodes,batch_size,MAPE_1,R2_1,MAPE_2,R2_2
0.001,3,200,128,0.5247373236581901,0.30488844451174146,0.4109300592283468,0.7329255569886879
0.001,3,250,128,0.5394383270981863,0.4167768148047908,0.3701612677486909,0.7427194208716204
0.001,3,300,128,0.5369150620719676,0.3912061967384073,0.37172655970285806,0.7511996921643574
0.001,4,200,128,0.5642129421838047,0.4195418136255007,0.33269530280175963,0.7596570237587479
0.001,4,250,128,0.5287886785528828,0.44014055176032185,0.3565568207443303,0.7595629234107215
0.001,4,300,128,0.49885626419571005,0.36404456451379896,0.37322723166737404,0.7402670366622499
0.001,5,200,128,0.5303626871244805,0.40873805205963376,0.34249917866716006,0.7545344819082755
0.001,5,250,128,0.5105229004663382,0.346546726489934,0.4019990877176982,0.738936805626796
0.001,5,300,128,0.4874000402701905,0.4001200590204206,0.3674160970903797,0.7669983916049828
