learning_rate,num_layers,num_nodes,batch_size,MAPE_1,R2_1,MAPE_2,R2_2
0.001006379814684007,2.988827001192685,200.65436103187545,126.5822046952826,0.5261640149425995,0.30224226564658835,0.41162171632044353,0.7274695837003106
0.0010052531053878714,2.9906900963186245,251.5863003015804,126.53534402809565,0.5327395536392477,0.4153211532800234,0.37230730590562294,0.74835358281428
0.000994094116265817,2.9514391300709946,297.43398276626897,127.03244454005812,0.5476320217744628,0.39353705016473334,0.370200183071627,0.7496178200769472
0.0009980469224845866,4.010338633425978,200.1638797112978,127.79770700267662,0.5687655383673536,0.42030266580685977,0.33272105917798606,0.7532851077615648
0.0010059024608841517,3.999964921237116,251.63763670453545,129.09125181745455,0.524295673645439,0.44069445823192793,0.35292583071466144,0.7635964416841703
0.0009942739414488956,4.040521958052651,300.66067186210785,127.86372666089073,0.49949683194259564,0.366569557197208,0.3677901093648515,0.7407845266834682
0.0009842190386009713,4.952426929566377,205.3133594881264,127.00118467856933,0.5261983123772007,0.41043937699816907,0.34409786184318,0.7593035899398369
0.0009853034526175592,5.01317922533342,250.54206001698194,127.83017774059515,0.5064775409367096,0.346648204477068,0.4032974200845844,0.7459161079534524
0.0010026798593751691,4.913307994560425,305.492367214928,127.07751361793528,0.4871826313770355,0.39409364933642416,0.35864148628513604,0.7741821779951156
