learning_rate,num_layers,num_nodes,batch_size,MAPE_1,R2_1,MAPE_2,R2_2
0.0009844317460687125,2.988128183704651,201.99242144945833,129.0859218659636,0.13801090899942242,0.5174406360053899,0.11196724692397905,0.9654608448611466
0.0010072739488504972,2.9638512336885827,250.33546450576816,128.98108411508778,0.13549391968842098,0.5322651764641072,0.11214808305974092,0.9870962335603648
0.000968080977434479,2.978055791905165,303.5099028341009,129.10193486299778,0.13214736655011136,0.5394680059523372,0.11613232141886455,0.9632864389699052
0.0009898793053406652,4.034247646888164,201.3360224556331,126.82625830803492,0.12551156471234298,0.5636565478352915,0.1119038722587902,0.9774296696657843
0.00098712171222693,4.055553465614864,245.34058389443442,126.310033957558,0.12487790199011525,0.5793734436587209,0.11583163733242646,0.9877984318984553
0.0010020701404011133,3.9543657714928067,294.6198809698592,128.11519658314347,0.12483873655984608,0.5912223562103728,0.11580095164369181,0.96203512370202
0.0010083310468623672,5.0837403105942895,198.7697765835053,128.7272081331366,0.12305688826769699,0.5782149011113942,0.11301816852501162,0.9715919297074777
0.0010030583188234063,4.999782535040734,247.74505834926046,127.28529537739936,0.11827774137947383,0.5897534554296139,0.14112283816602975,0.9740331764570255
0.0010084967520242777,4.903848532603684,303.74281661491096,129.69494314795267,0.11877758225922852,0.6254883145248091,0.12651563400266408,0.990676316138271
