learning_rate,num_layers,num_nodes,batch_size,MAPE,R2
0.0004929338569901607,2.9515004990698706,199.5222265833182,61.96363662516233,62.72943293432716,-0.22129683860967078
0.0004982859180329778,3.021367489080521,199.04447402211952,128.94290445513468,50.29764247315187,0.3363822515307204
0.0009961296956548739,3.0428957413281217,202.55054986514355,63.53957437208509,62.19222593644457,-0.008854225974605274
0.0009952629844441608,3.0121605574018653,198.45952469365173,127.38086206627011,43.83503771896377,0.36870547216035965
