learning_rate,num_layers,num_nodes,batch_size,MAPE,R2
0.0005,3,200,64,63.94520445,-0.22216981
0.0005,3,200,128,50.17407167,0.341095297
0.001,3,200,64,61.36287562,-0.008811427
0.001,3,200,128,43.80672492,0.372236957
