learning_rate,num_layers,num_nodes,batch_size,MAPE,R2
0.0010094123760485036,3.0111934082067795,197.58164635443126,129.6529837387175,0.6427397947644192,-0.44654147013342643
0.0009952745985573018,2.9540751400073453,247.83411436509448,128.92163891639842,0.46696810826991186,0.42460267003170893
0.0009873813501610979,2.9819193998736635,291.39389166514945,128.71061575764926,0.9831203420210937,-0.08998489518287839
0.0010024574197119707,4.049232432385045,201.97416141625285,126.12078267385343,0.72801312441584,0.27438758595794915
0.001000318688206108,3.921432129262781,248.11184043234152,125.80979067125658,0.3284256590344041,0.581465597453158
0.001004597591085657,4.047885521267173,293.8428972213241,129.00720677747938,0.8466109158730892,-0.18519909307029472
0.000992146638619931,5.863380636455031,201.0607394479263,127.01425442234623,0.5861028788657031,0.37999327818750533
0.0009976472999538505,6.077995962090476,249.32684844768144,127.39317518200784,0.3633785955739081,0.4980404422676637
0.0009915790799792494,6.068377689809637,299.359994124709,127.92581465578392,0.3316619203798681,0.6102982965416773
