learning_rate,num_layers,num_nodes,batch_size,MAPE,R2
0.0005,3,200,64,11.241096657914621,0.9548126694473026
0.0005,3,200,128,9.015162159364102,0.9666750811881843
0.001,3,200,64,10.379293704906978,0.9553409461341964
0.001,3,200,128,10.879691362556724,0.9564695560990361
