learning_rate,num_layers,num_nodes,batch_size,MAPE,R2
0.0005063821964855009,2.9964082344137677,197.18746961564514,63.39983776891869,11.288716536936748,0.9504242138292915
0.0004983203269948569,3.017437319879533,195.97434832274132,127.4374865620324,8.905225898650789,0.9654840372263226
0.001005092390102156,3.0566115914277905,199.78108006963754,64.14234465387719,10.305564871782707,0.974294631786867
0.0009960509686260544,3.02205135347993,200.16868210235359,129.98815185327365,10.77869281608975,0.9561695748902285
