feature_to_remove,RMSE_wind,MAE_wind,R2_wind,RMSE_solar,MAE_solar,R2_solar,RMSE_load,MAE_load,R2_load
DHI,0.032352671822500095,0.018206041841977938,0.24761482447449923,0.11197456237258908,0.06386017577239417,0.7833487559153786,0.06858288796679846,0.05105483327343124,0.5722673659135648
DNI,0.03637155136462787,0.021080450325737028,0.04908088788203302,0.1270271102723923,0.07190160764166534,0.7211855508765275,0.06022688000420347,0.04729009409219182,0.6701461332846226
GHI,0.036196115472482256,0.02182505694540304,0.05823216137851517,0.11370773151275845,0.06622198794135012,0.7765900916309865,0.07206423393882919,0.0545914198528712,0.5277408326751639
Dew Point,0.04089650251337805,0.02938469912842207,-0.20224301423087776,0.09633154573063252,0.05666628327094578,0.8396534952014589,0.0861464695745505,0.07091636580419776,0.32513669190405237
Solar Zenith Angle,0.03557983883876084,0.020796450128722138,0.09002831614780515,0.24752797292189382,0.15246674648456143,-0.05869536141893805,0.08907728923581468,0.06809945416678005,0.27843604064016025
Wind Speed,0.03766001281018008,0.02177285995715933,-0.01948502749630676,0.11371992335162497,0.07480663062535181,0.7765421806650276,0.07873319337493323,0.060115227053552864,0.43628890662182707
Relative Humidity,0.04289276555091595,0.029693622205913307,-0.3224766797146459,0.14517619122182412,0.08391590314901141,0.6358223943760108,0.09243282358868878,0.07183444911109316,0.22304961173823012
Temperature,0.035246355447838856,0.022847197666605156,0.10700637522416934,0.11541007129771037,0.06912857911104485,0.7698505940060665,0.06356704235671862,0.048517801871173966,0.6325444100322102
