feature_to_remove,RMSE_wind,MAE_wind,,RMSE_solar,MAE_solar,,RMSE_load,MAE_load
DHI,0.032352672,0.018206042,,0.111974562,0.063860176,,0.068582888,0.051054833
DNI,0.036371551,0.02108045,,0.12702711,0.071901608,,0.06022688,0.047290094
GHI,0.036196115,0.021825057,,0.113707732,0.066221988,,0.072064234,0.05459142
Dew Point,0.040896503,0.029384699,,0.096331546,0.056666283,,0.08614647,0.070916366
Solar Zenith Angle,0.035579839,0.02079645,,0.247527973,0.152466746,,0.089077289,0.068099454
Wind Speed,0.037660013,0.02177286,,0.113719923,0.074806631,,0.078733193,0.060115227
Relative Humidity,0.042892766,0.029693622,,0.145176191,0.083915903,,0.092432824,0.071834449
Temperature,0.035246355,0.022847198,,0.115410071,0.069128579,,0.063567042,0.048517802
