learning_rate,num_layers,num_nodes,batch_size,MAPE_last_col,R2_last_col
0.001,3,200,128,0.42058116711090404,0.7629561787317697
0.001,3,250,128,0.3544219064649759,0.7605643574313403
0.001,3,300,128,0.35675056751989387,0.7750302332561663
0.001,4,200,128,0.3713004044390422,0.7653995882604553
0.001,4,250,128,0.38321167342848395,0.7823577625245609
0.001,4,300,128,0.3501397749654485,0.7674202385968321
0.001,5,200,128,0.42176343006848965,0.7629004509682273
0.001,5,250,128,0.37694099561131844,0.7875785753136554
0.001,5,300,128,0.39197135624001683,0.7698413208019718
