learning_rate,num_layers,num_nodes,batch_size,MAPE_last_col,R2_last_col
0.0009990175764944243,3.00628366828865,202.18197935406158,128.92290880646044,0.42973000923940163,0.7574638732506329
0.0010008472723726345,3.01116527804143,249.96842936192394,127.41089612288809,0.3518023901422433,0.7788055173872148
0.0009968063320611753,3.023191189327943,299.01310008382023,130.33324365032468,0.3554638202117717,0.7633175683794268
0.0009999680972991804,3.9871116037805154,197.07969387337837,126.20019079318354,0.372428702124616,0.7614899768593132
0.0010048676948210134,3.9317870877001386,251.44163444188106,130.53351273516688,0.3859781491904988,0.7826374705463699
0.0010036272603741,4.007538928687123,303.2820623256462,128.0929528185947,0.3530614238609717,0.7632223385319276
0.0010104556414047285,4.9908088021768835,201.87056231435133,127.20148048608209,0.4268002804516928,0.7738265207373265
0.0010051745667888593,5.064204486734791,253.74852835672004,128.00131181918357,0.3775006220513981,0.7834573418778387
0.0009903527187943304,4.906366346671785,297.3135911468541,127.9176638585946,0.39310942745522504,0.7702827294207383
