learning_rate,num_layers,num_nodes,batch_size,MAPE,MSE,R2
0.000503477832162391,2.9824643813399025,297.80971259578644,126.42131340534935,92.77453735495386,2931976.4511176203,-0.47864192990655935
