learning_rate,num_layers,num_nodes,batch_size,MAPE,R2
0.0010071766396717423,3.064987619296951,200.83116508243484,126.46649046716045,0.9183763376193201,-0.9695204734163342
0.0010104959256784457,2.9969735610744594,251.83515439835804,127.78944565281013,1.115785109865205,-2.3243994971426982
0.000994046407121656,2.987486549267529,295.4621317712336,129.23158533961126,0.9300224574954066,-1.2963818652204038
0.0010153599284601876,4.07363670128904,197.73149496402726,128.4859716443306,0.6464107474289448,0.08134560426580693
0.0010079040676780012,3.977286478643783,253.39003261050058,129.68009403859725,0.5692748739777569,0.24752413148393657
0.0009975814815475824,3.9988878957880396,296.5882734305992,128.63978275884017,0.5676297082841736,-0.45947151489019855
0.0009988555970493202,6.01696695068806,198.97957257655202,128.19388198609178,0.7787512828737807,-1.00045975496633
0.001007811858833097,5.933898047940533,251.43133418473488,129.7930011526748,0.958888232337082,-2.6263854939281863
0.0010007926284925327,6.065343414633191,294.4376501442278,129.38697977870856,0.5195599547199657,-0.17635006225953548
