learning_rate,num_layers,num_nodes,batch_size,MAPE,R2
0.001,3,200,128,0.9160365324670026,-0.9630648866334139
0.001,3,250,128,1.1178298102304938,-2.301931275834149
0.001,3,300,128,0.9351686348928222,-1.2911019220208337
0.001,4,200,128,0.6543543349555697,0.08113447471994584
0.001,4,250,128,0.5713684132242255,0.2446445128826802
0.001,4,300,128,0.5683778088478305,-0.4544596714736544
0.001,6,200,128,0.7631510557294937,-1.017465924710002
0.001,6,250,128,0.9636382398077532,-2.632218116075068
0.001,6,300,128,0.5184625049687197,-0.17635319671975425
