learning_rate,num_layers,num_nodes,batch_size,MAPE,R2
0.0009991897812273247,2.983726171721588,200.28984399664762,127.72636581813136,0.9261945015214377,-0.9628507245552497
0.0010084256892657888,2.9808190566285315,251.6774068696316,127.89438224830953,1.1352704509747489,-2.266467320707738
0.0010092742258135258,2.9908535511310355,295.12390136566296,128.12168383201362,0.941653464551148,-1.2779920505347477
0.0010010374013630357,3.992558945927892,199.3030203525147,129.8164570510385,0.6550148110109985,0.07811001748504859
0.0009976434927460572,3.9801148013835856,252.40630648460484,128.1723240841428,0.5728773872965731,0.2441695959276907
0.001010163750660839,3.953283522902883,293.8897486625335,127.43453839277419,0.5645750184459047,-0.45526614747666394
0.0009851582463118937,6.007380048770765,202.46411151331026,129.06795073673294,0.7711466866155622,-1.021437436973676
0.0009903950963370683,6.086417784023475,252.37415402154127,126.92631649122222,0.9837878797281244,-2.64064208145626
0.0009967089980724203,6.0351989409979705,297.4299438894451,127.29962361665491,0.5145413604085558,-0.17769654170345697
