learning_rate,num_layers,num_nodes,batch_size,MAPE,R2
0.0005,3,250,64,29.274041574036797,0.8344794717984485
0.0005,3,250,128,32.24905286684041,0.7789126514061241
0.001,3,250,64,27.908278200552573,0.8701584045332513
0.001,3,250,128,26.401784988452278,0.8756802330786706
