learning_rate,num_layers,num_nodes,batch_size,MAPE,R2
0.0005044532525986426,2.9813058558503283,250.55502988005077,65.04432764421121,29.084878261482547,0.8359638544565751
0.0004998240089391565,2.9805443580112723,256.23642563811705,128.06720142246292,32.02092973950978,0.7762404717784209
0.0010040243267634202,2.9905849603341323,250.83745854042468,63.73421492369339,28.258805270970168,0.872915552449206
0.0010069207122467034,2.961346813980784,250.31863808324022,125.02089436667538,26.69595971723759,0.8620738230767826
