learning_rate,num_layers,num_nodes,batch_size,MAPE_1,R2_1,MAPE_2,R2_2
0.0010020793620269567,2.9607466852726483,199.07341366957897,126.77888501030091,0.25197596964024943,0.6528824154755156,0.2165575311587881,0.9185026306388285
0.0009947057665126826,3.0236604369995206,254.6384543189957,127.72953999926443,0.2515380040719103,0.6491647286260286,0.19374995418027685,0.9307927631517388
0.0009938252776311171,3.005972755757219,298.48287348831167,129.18742791556406,0.25974174839063185,0.638946361972693,0.20287015603067032,0.9184364159427298
0.000987620589482761,4.061543324585069,199.78198126680206,128.34116707940316,0.2568726969707003,0.6375585685091497,0.18750895992028427,0.8976639255388196
0.000993772218589521,3.9945823041145023,248.57435426133534,127.88427612470097,0.2614190745780691,0.6460225385270223,0.20627324416413853,0.8872475822730785
0.001016345068594499,3.9581618331800974,299.51696336975004,128.12639301416425,0.2532019037814988,0.6339795487147747,0.2192516772236562,0.9010488883791093
0.0009866670440002827,5.036089472047308,199.2332905392978,127.00332090471541,0.2547952140213004,0.6423858855209296,0.20155462090678827,0.8929553552233818
0.0009973251191011051,4.987509693248128,247.7603957224843,127.53281282543976,0.28088665816468533,0.6187055608759683,0.23039215722355444,0.8770397381575674
0.0009899625295685796,5.019240759592488,301.4545444297759,127.82227346719469,0.2564185198669921,0.6390447647155999,0.19433494368501172,0.9010010976458399
