learning_rate,num_layers,num_nodes,batch_size,MAPE_1,R2_1,MAPE_2,R2_2
0.0010095348072782446,2.9828083333833137,200.2789837589749,129.71418165499733,0.1351079862923483,0.5234857691166427,0.1106957645708438,0.9707398496427239
0.0009932822378732223,2.941346633131159,249.81699116189372,127.53302340524192,0.13489790419314723,0.5263118731264896,0.112809978754448,0.9745962848792203
0.001018460811490182,2.927689608859692,292.2167714329557,128.17768056513043,0.12809146597581494,0.5413034474804564,0.11497139469513144,0.9767573246183597
0.0009969022323443647,3.948918611355106,200.07504441022405,128.13271465139906,0.126507752498038,0.5696343264623889,0.10982903467276471,0.9707850632471597
0.0010040022963092566,3.997627651269909,248.92359692047347,131.08958074546823,0.12416636217766301,0.5804835768970096,0.11433995651714625,0.9771752539030387
0.0010073595941409578,3.8983383823744377,293.63285106523807,128.92218084631432,0.12392147102078274,0.5973598705588073,0.11688467680412033,0.977991132684375
0.0009877865852147357,5.015769909733132,197.6926129054957,128.49277542234245,0.12378303897947615,0.5778403046144293,0.11191994753332218,0.9705483210788587
0.0009991546802205875,4.948290159527869,250.9785578357001,125.49526156433313,0.11977747548232683,0.6084129803319206,0.14290799885779534,0.9569628849574026
0.000999100087841557,5.0379774036364715,298.4792614805537,130.03784101042274,0.11788970706602278,0.6081168025855154,0.12576997610609836,0.9607611638148903
