learning_rate,num_layers,num_nodes,batch_size,MAPE_1,R2_1,MAPE_2,R2_2
0.001,3,200,128,0.13905641859538317,0.5193257159409369,0.11047966573528151,0.9740452038113514
0.001,3,250,128,0.1344083696530509,0.5337946621129452,0.11295419222178944,0.9765167105887347
0.001,3,300,128,0.1309078598552838,0.5420264499885248,0.1160096010281877,0.9753767206758241
0.001,4,200,128,0.1267347414063812,0.5742630556350741,0.10963069830199872,0.9777862350086991
0.001,4,250,128,0.12499417988497293,0.5776831949618478,0.11505424423006964,0.9728492865935758
0.001,4,300,128,0.12357587494448485,0.6016529833275428,0.11637905506673141,0.9770111972833393
0.001,5,200,128,0.12288304144241706,0.5761147170013997,0.11163140185790554,0.973766321291019
0.001,5,250,128,0.11873838269173416,0.5934433061659103,0.1410254900021869,0.9613957321982675
0.001,5,300,128,0.11760311430644414,0.6093929828535308,0.12668178010642808,0.9752677052182784
