learning_rate,num_layers,num_nodes,batch_size,MAPE_1,R2_1,MAPE_2,R2_2
0.001,3,200,128,0.6595733438882165,0.4218915894546771,0.30437026205304624,0.8282014284110655
0.001,3,250,128,0.5536975702179309,0.4248158688056669,0.3020830931523726,0.8283555059351951
0.001,3,300,128,0.5857233929607649,0.438524558015462,0.33193203612543554,0.8344428252837661
0.001,4,200,128,0.5640902672627814,0.42369634205862994,0.31920537479709227,0.8100351011323511
0.001,4,250,128,0.6474886863568785,0.4108211366984207,0.318381115600959,0.8273235724352976
0.001,4,300,128,0.5608524126887209,0.43748259948049373,0.326822094153723,0.8306039688683099
0.001,5,200,128,0.5777358807427954,0.42279111444868733,0.32739896483672043,0.8248704310155747
0.001,5,250,128,0.5589511022293283,0.43022328724590264,0.2955651403373193,0.83017936750226
0.001,5,300,128,0.5363773986941811,0.4394281955395404,0.3118360376646031,0.8303104754358089
