learning_rate,num_layers,num_nodes,batch_size,MAPE_1,R2_1,MAPE_2,R2_2
0.0010153084663790419,3.066758585220527,200.29463821823367,127.64487641754835,0.6620289338378078,0.41454141552487783,0.3052066990606679,0.838221835988937
0.0010055704132996513,3.1007583044542275,253.68387700745055,127.09959806396849,0.56089253888513,0.4268443949622871,0.297718889882543,0.8344085130592961
0.0010039387569276551,3.035176540149079,300.00501579242587,128.6448730411477,0.5791230599016696,0.44618516241147743,0.3341290798480818,0.8390989454253077
0.000985770950403829,3.9715692998152683,200.7428381216233,129.1670761678201,0.5644939970612,0.42370495137219655,0.3176934540862905,0.8171586783913394
0.0009976999885955254,3.9492323880501115,248.1847023238521,128.3893624555835,0.6463657270912222,0.41012473087980195,0.3208191466845754,0.8240982817160158
0.0010055062521517602,4.013724367392262,298.9625799524882,126.68139472423996,0.5549185560923983,0.4430165941094449,0.33105031625823894,0.8188768450614355
0.0010118370239846324,5.026289038075968,199.506426051634,129.9534615115961,0.5799532922830399,0.4251656689593194,0.3246681211139104,0.8265422777304839
0.001009852250358975,4.981235244442741,249.12376517691465,129.59070359463558,0.5627849759399907,0.43610667308591766,0.2949035381949298,0.8342640879988824
0.000979916295390008,5.020229835286859,301.288408392583,126.34883898682203,0.522270779275017,0.4361212765452731,0.31471712945243563,0.8215310926959952
