train_size,RMSE_wind,MAE_wind,R2_wind,RMSE_solar,MAE_solar,R2_solar,RMSE_load,MAE_load,R2_load
288,0.0856195865803589,0.04818835093788627,-0.4093194568339309,0.20627694531918447,0.1198175840895181,-0.25413785416708023,0.24111447388864496,0.20593119596339068,-3.4384458251800813
576,0.07797874692288188,0.047781035997999814,-0.17184887984745134,0.17512640558307274,0.14018868130584308,0.19417219125610197,0.1905682860329921,0.15397427769018618,-1.8081797466687526
1152,0.07432776063745555,0.040352476291421524,0.008110855782817894,0.16476890878075762,0.12625613999360702,0.2961629468172873,0.2227287563321565,0.18438521074628983,-2.664031476347687
1440,0.08488253847666452,0.04507323912686126,-0.2903511684522473,0.13830170193313604,0.10237606787301126,0.5445334078971136,0.22707218019754982,0.17984229316383227,-2.6310115446049895
2016,0.07516614838632846,0.03611093694950345,-0.2018191350181917,0.120770159668762,0.0854080908291066,0.6784483144642165,0.11010492290447434,0.08881196994419902,0.07453989891410906
2880,0.04040235397662746,0.03145895437610902,-0.02682516147380487,0.18498686466636444,0.10865740083512031,0.3296542390781988,0.09245321858794363,0.06503778504316832,0.29836171765471486
4032,0.03523249205042659,0.02129094671108178,0.1077087128403248,0.11650097691992746,0.07009416122439789,0.7654790889660604,0.08027372566414452,0.06693149028352602,0.41401339373501844
