train_size,RMSE_wind,MAE_wind,,RMSE_solar,MAE_solar,,RMSE_load,MAE_load
288,0.085619587,0.048188351,,0.206276945,0.119817584,,0.241114474,0.205931196
576,0.077978747,0.047781036,,0.175126406,0.140188681,,0.190568286,0.153974278
1152,0.074327761,0.040352476,,0.164768909,0.12625614,,0.222728756,0.184385211
1440,0.084882538,0.045073239,,0.138301702,0.102376068,,0.22707218,0.179842293
2016,0.075166148,0.036110937,,0.12077016,0.085408091,,0.110104923,0.08881197
2880,0.040402354,0.031458954,,0.184986865,0.108657401,,0.092453219,0.065037785
4032,0.035232492,0.021290947,,0.116500977,0.070094161,,0.080273726,0.06693149
