learning_rate,num_layers,num_nodes,batch_size,MAPE_last_col,R2_last_col
0.001,3,200,128,0.4248217884321535,0.7664757758024874
0.001,3,250,128,0.37545472292270715,0.7538136460642644
0.001,3,300,128,0.3697516394734654,0.7666263433480837
0.001,4,200,128,0.38267637618910916,0.7794193322508609
0.001,4,250,128,0.3443311185131475,0.7587594258988085
0.001,4,300,128,0.3782557850491112,0.780217746564087
0.001,5,200,128,0.368577847990716,0.7906553944050497
0.001,5,250,128,0.4264822200459607,0.7658367735105271
0.001,5,300,128,0.3892381512585073,0.7782239797168895
