learning_rate,num_layers,num_nodes,batch_size,MAPE_last_col,R2_last_col
0.0009983137731352368,2.96931482758606,199.9134722334092,128.4736883267584,0.4264735061656619,0.7580079193293263
0.0010095569360505546,3.0083585343500103,254.72035215153446,127.61855166247409,0.3780445584222385,0.765334928861226
0.0010023939334305228,2.9936669873528503,299.4753176837488,128.86483870364873,0.3662556170719039,0.7660892225393491
0.0009933963278411964,4.03419914918459,197.32094975424076,127.27103035876112,0.38550217563503075,0.7786214939464847
0.0010015684951604406,4.038814767111891,248.24627421296546,130.12370444591897,0.3477173361329973,0.7600935581158589
0.0010036094378709861,4.070216576048493,302.18988227670894,128.33634701347708,0.37666642309581405,0.7736057331434192
0.001004451936291866,5.043168273144511,199.62019907440302,130.43907480177876,0.3729568602685414,0.7865202168364518
0.001011510972637052,5.086747186807991,251.103620147882,128.58772919659546,0.42158618931598324,0.7719656476012767
0.0010045106254472714,5.055729406988037,303.925289199688,130.4773649819492,0.3874005331880866,0.7859320995910942
