learning_rate,num_layers,num_nodes,batch_size,MAPE,R2,MAPE2,R22
0.0005,3,200,64,16.237659599005045,0.9045416481995892,77.43515750908136,0.009203776383361228
0.0005,3,200,128,14.714523907579535,0.9189329755377009,77.93048506220075,0.04870115232103678
0.001,3,200,64,16.89465089912605,0.8965318853336032,77.65745758907792,0.016300258050107264
0.001,3,200,128,14.885306512452075,0.914660801282479,79.53923600228352,0.047991227431615324
