learning_rate,num_layers,num_nodes,batch_size,MAPE,R2,MAPE2,R22
0.0005021328680452985,3.016638934980294,199.64703853693527,64.16992193734819,16.22831500524097,0.9098271499125599,77.19280414875205,0.009170989782924696
0.0005060755148617794,3.002403009888954,199.68096231102493,128.77032898375316,14.460047889963128,0.930973040724686,78.95257406721313,0.04894853159270525
0.0010042018480535561,3.002899217283036,203.78968585523398,63.71141608222664,16.71234217992717,0.9040761398519016,77.7005596091894,0.01629763482028777
0.0009931009795995493,3.0339532362011528,199.9349046621913,128.4950301675823,14.881651359121426,0.9191814751862267,80.82759278166695,0.04792889627301454
