learning_rate,num_layers,num_nodes,batch_size,MAPE,R2
0.0005061671265360701,2.9468950949229935,251.9092550687716,63.79404377847523,9.661684963043513,0.955462331073675
0.0004917433529052224,3.016883040907382,251.72824218210414,129.93167491133318,7.953034320080007,0.9643238158957654
0.0009912019720840842,2.967226797995129,250.69267569969256,64.1893590079189,10.780687468463634,0.9513959830680722
0.0010024866275542604,3.02125457565088,251.6358878906151,127.62924864114332,8.596601554392882,0.9509576479692841
