learning_rate,num_layers,num_nodes,batch_size,MAPE,R2
0.0010059283294367686,3.005084271697489,204.3111231754376,128.88240208246262,0.28081874900423576,0.8720872969558431
0.0010084500285043154,2.9936402570361116,247.00504032526413,129.41380205770324,0.29180121103241086,0.8772705723841769
0.0009836082330924613,2.99309803073476,305.13536898884365,128.4502434342262,0.1724320958853732,0.9136047245299742
0.000984641724817907,3.9057327098529453,201.99239824866984,128.13995535110666,0.15797408020320372,0.9223716996331492
0.0010002838021425996,3.994655636259981,251.35425721156616,126.18573418501994,0.18437267737970892,0.8955107589254346
0.001000721106646269,4.014378623207877,303.47916682698127,124.86687664682276,0.18274268850272254,0.9220437907852853
0.001012445228579705,6.036910815594097,197.81975175050175,127.06557959839158,0.24561808331850254,0.8772184383706874
0.0010053064503661598,6.055340801564809,248.5181581356868,126.51552701416557,0.21658665174144298,0.9211756100298045
0.0009974775211834097,5.982515209319929,302.23303071689145,129.72446537901737,0.23132233364869664,0.9090392438926014
