learning_rate,num_layers,num_nodes,batch_size,MAPE_last_col,R2_last_col
0.000994014766463496,3.006824349034192,199.16196389832203,130.43104941895368,0.40517271379281966,0.753712532013594
0.0010038248444453985,3.0004692705179297,249.16497287177174,127.8408052609186,0.41477026390019583,0.7600594376865545
0.0010066154959303434,3.0208676110416364,306.6750135377469,127.4395786912606,0.475043189422388,0.7474327770726813
0.000987008016354444,3.990162959152837,198.18359187386872,127.17593863484335,0.41033004047245497,0.766206167260667
0.0009883743345450186,3.96555229116063,252.48369075432385,126.61250616722232,0.3942417274644498,0.7708944585809339
0.001003359372469911,3.91993218808588,296.4955234094951,126.58243404642884,0.37741512776467856,0.783996937685585
0.0010005730456160624,4.969176870076018,201.28552018927775,126.77998822388369,0.37287143529966854,0.7523470837580531
0.0009994957626806495,4.938248539541517,248.73657859772572,129.40393018005284,0.3733210766227407,0.7660692263953777
0.0009966196373005158,5.085537563186033,300.87316820021414,127.74929395624764,0.4062900733055105,0.7748710615201247
