learning_rate,num_layers,num_nodes,batch_size,MAPE,R2
0.0005,3,250,64,54.512085706656464,0.6185288302820706
0.0005,3,250,128,29.72323429006844,0.7587626938373744
0.001,3,250,64,53.596123133088135,0.4957883447299585
0.001,3,250,128,39.3551914986476,0.8191318517894204
