learning_rate,num_layers,num_nodes,batch_size,MAPE,R2
0.0004966992852560399,2.9468304626075974,244.54234674884486,64.30905692784513,54.803502193191775,0.6109027447849525
0.0004966873463306055,3.037081541650907,250.50600635074917,126.59598465672778,29.838370029914756,0.7512280399053618
0.0010088944051979644,3.049017018982633,243.11555674218684,63.46185063241637,54.261364590220666,0.4956411622363822
0.000993592350865238,3.006396457387956,250.28314343057406,128.02321724207414,39.67133041342765,0.8083215669302038
