learning_rate,num_layers,num_nodes,batch_size,MAPE,R2
0.0010092328556046898,3.0047684865346365,150.7027073173156,127.24977379320283,54.18426025015968,0.13880053599431247
0.000999367218265394,3.0454512484916276,176.9997125368155,127.13330057433919,74.78034395484103,-0.23858030908586708
0.0010129933794920066,4.033946874950124,148.81126795658741,128.19591034486794,53.28121808899267,0.2945580281047484
0.0010018447834616382,4.0624805340624235,175.93059139571588,130.84064938113016,54.63410185293844,0.16344730320331863
