learning_rate,num_layers,num_nodes,batch_size,MAPE,R2
0.0004985467064042088,2.9953801247615854,151.70392266653718,64.36535201334667,81.8573464463484,-0.6867708009641778
0.0005004625819349255,2.955379465821113,147.8827157157664,127.7522541964226,69.54185288952795,-0.33067051120384044
0.0004976553099693556,3.0142592730797433,203.5928142002521,63.411928100716565,65.70445685047723,-0.18342746984568814
0.0005087031873540448,2.983197909756224,202.76276158876178,129.46802989275446,59.46689382621343,0.11893538333068115
0.001007572966238349,3.008151196180021,147.89552311692964,64.39340513290628,83.30686642593939,-1.108561263634106
0.0009950849765296345,3.0092344217869775,150.01354801013488,129.86488006164018,73.25250204246025,-0.22749574252645616
0.000982306083497438,3.0086393188004767,199.16331271343944,65.03349620393381,79.23833378373064,-0.37086032144587905
0.0010056469482392122,2.9836675831850634,200.6601245942607,126.92651265368798,43.80170361426656,0.39761708254578393
