learning_rate,num_layers,num_nodes,batch_size,MAPE,R2
0.000509538118772304,3.0318397280667755,200.44021259227972,31.780438948058976,18.778971670122385,0.8032998405888643
0.0005032832792785262,3.021542812611969,199.2995482550291,64.48593004054142,16.677141628553482,0.8290229589568346
0.000983123350459775,3.0167296732291407,200.2446813754443,32.388471367178354,25.6411495536485,0.7869930852432669
0.0009890367112392142,3.043198312872725,198.0556895419136,62.62708634045497,17.90596793287868,0.8269031308880607
