learning_rate,num_layers,num_nodes,batch_size,MAPE,R2
0.0005,3,200,32,19.323575901540284,0.8192900467242434
0.0005,3,200,64,16.76323408640031,0.8474374671873595
0.001,3,200,32,25.888034172728197,0.7885339069540458
0.001,3,200,64,17.904232988774236,0.8392425170849905
