learning_rate,num_layers,num_nodes,batch_size,MAPE,R2
0.0010023903177267086,3.0144598931802298,197.58175195174985,15.875108869793287,197.60015198356638,-5.030709532159882
0.0010071132449939295,3.007151715311066,202.1659603044192,32.85313734220918,166.80222579912174,-4.316323727170284
0.001012048181786457,2.958837639778247,249.2982899011085,16.181201768585147,208.09257270879766,-5.562635902078523
0.0009933942534483165,3.0216290537925077,251.70717689436842,32.22284148502432,198.97178995411238,-5.131657103849452
0.0009985397384881813,3.945084039502578,195.51156694167975,15.832051375776231,149.9152985899813,-3.014370498941432
0.0009894166953515202,3.9345498158825976,200.1289957122759,32.060551909521,186.20774228962915,-5.296684976123134
0.0009917782359442026,3.9483876143101626,248.4420064637821,16.03470677321136,150.10404131036594,-2.868426068039313
0.0009873667419210202,3.9611153681838944,252.0869586346326,31.85920909720474,253.87322817893846,-7.49840053160065
