learning_rate,num_layers,num_nodes,batch_size,MAPE,R2
0.0004986325598280496,4.026988947818149,254.83854511306288,15.831303244110272,249.72788690946547,-7.63797602150859
