learning_rate,num_layers,num_nodes,batch_size,MAPE,R2
0.001,3,200,16,196.09406340693226,-5.060574683125146
0.001,3,200,32,167.46669342180965,-4.278337476728011
0.001,3,250,16,207.10168563415112,-5.4978899397658285
0.001,3,250,32,201.10216041140671,-5.183699110879904
0.001,4,200,16,151.1445050624276,-3.015064324699627
0.001,4,200,32,187.34054661468045,-5.303125084258452
0.001,4,250,16,147.17287774616926,-2.813842842507932
0.001,4,250,32,248.79103655985722,-7.534063866159043
