learning_rate,num_layers,num_nodes,batch_size,MAPE_1,R2_1,MAPE_2,R2_2
0.0009946313182051672,3.037166965239987,196.52704308866106,129.14433585943547,0.6766140574659655,0.4146624933484491,0.3048107958654634,0.8359556856517862
0.0009937768619951465,2.9888741752455563,251.14423039724636,127.72290970567883,0.5504698817479337,0.4218828264266625,0.30167648698500227,0.8266907773791555
0.0010103931491349711,2.9757600221194487,301.5775403994706,127.99363433323109,0.5875334183607438,0.4374389720679593,0.3315080166417235,0.8284920618509204
0.000984628862903909,4.047708181958971,202.07317793499666,125.48992034744782,0.5625340170416271,0.42485906193698,0.31691349611682335,0.8055240067483884
0.0009983665075979906,3.974949375227709,254.43918376413527,127.5151067782471,0.6385991715485286,0.41332864560428556,0.3226789366284759,0.8273912356566725
0.0010167757767729378,4.011989919607338,301.2412160370561,129.34017010935736,0.5561991886089992,0.44510842865313843,0.3308236718743162,0.8325874955509095
0.0010140007899389774,4.994246964021142,203.01633449551937,127.83096491847303,0.5819187739843112,0.42820452288504207,0.3244746036246456,0.8263204032670065
0.0010107104771216566,4.94027231265395,250.41217264039517,127.51848501698578,0.5520250648875213,0.42917535689575387,0.29785566816195536,0.8268887880333091
0.0010058431002367672,4.95354982052199,298.07465750969516,129.68028222970804,0.537956709521087,0.4468878154854217,0.3141445444813147,0.8243082158150118
