learning_rate,num_layers,num_nodes,batch_size,MAPE,R2
0.0010186646861881597,3.018766053649266,197.90486733066683,128.11031298393164,0.2734157047814838,0.8793977502631418
0.0010015859798317539,3.0636801882269267,251.4302976114841,126.97174890118949,0.18689988341372143,0.8963346120245518
0.0009908465985718966,3.018225722740826,304.1313894894216,126.19960821845747,0.24751776839227868,0.8877200824763315
0.0009637556931430231,3.9864155598407782,197.63032530447686,129.04493157934957,0.3383443165968532,0.8561925082588325
0.0009921044915454787,4.009257994402566,251.29061611160674,126.22003712261758,0.3551109094303019,0.8703933891733158
0.0010098951391981788,3.934466949284285,299.67515272846447,127.38160944382666,0.24183667067048387,0.8801900005338176
0.0010036298035759846,5.94436090155157,199.9993607439077,128.4077998469296,0.22876672394169992,0.8064286274866858
0.0010014978574513652,5.97307736543751,251.22602930448974,128.4189785904314,0.2509882298551752,0.8799285395051362
0.0009982956592115256,6.021994529643711,298.77892889631414,128.78051458001596,0.5299080296773739,0.8140621288869616
