learning_rate,num_layers,num_nodes,batch_size,MAPE,R2
0.0009913695710590828,3.0477052498468407,149.74464849805673,130.70384695558067,54.71125173834246,0.13508771144394371
0.0009921477973912625,3.0132838182510766,175.05429079424192,126.71484507629508,74.6906042953126,-0.23502910040234093
0.0010037925823634243,4.029398133959466,148.06909870106614,128.37858858892412,53.579209791782816,0.29516518087443677
0.0010127336376583081,3.9478301667141786,174.70026887605127,128.91510017932458,54.43979000669374,0.1604360384915171
