learning_rate,num_layers,num_nodes,batch_size,MAPE,R2
0.0005,3,150,64,80.66541159622176,-0.6864490352685333
0.0005,3,150,128,68.6562039714941,-0.3325658514176728
0.0005,3,200,64,66.0593917393412,-0.18574336524434032
0.0005,3,200,128,59.8368224364724,0.12023001853496396
0.001,3,150,64,83.95893582190809,-1.112252988886532
0.001,3,150,128,73.74714893102127,-0.22516444823663662
0.001,3,200,64,78.77179235182224,-0.3689672991171311
0.001,3,200,128,43.22242814186856,0.3972353346930547
