learning_rate,num_layers,num_nodes,batch_size,MAPE,R2
0.0005042546113419976,3.006345604779007,149.43324412258747,64.4756632122823,81.65715148688282,-0.6894534630174992
0.000497140651066708,2.958445890216531,148.82350609691053,127.5454825888924,68.13938848898792,-0.33239951194320166
0.0004953701947665156,3.0073626315717332,201.20473062543502,64.95298229711493,66.25554325968399,-0.18395080085917798
0.0005021618965479692,2.9875132439939325,199.20491772443324,127.85581772847307,58.543525043500374,0.12022557155020255
0.0009949931143565067,3.0295790664688886,151.48806929150976,63.80409016268188,83.73290508676149,-1.1139898043206327
0.001001300208331277,3.0100128723512327,149.79856307261656,129.5961502503881,74.3146092590004,-0.22764439358300648
0.0009917654142443623,2.979141545962116,197.2389641724976,64.42104079154313,77.95302221563672,-0.37089685231357744
0.0009951753963841903,3.025117022936068,198.65315305619026,129.46203264215413,43.38826738106652,0.40348086469309247
