learning_rate,num_layers,num_nodes,batch_size,MAPE,R2
0.001,3,150,128,54.52014327488275,0.13758182677601005
0.001,3,175,128,74.36972037195339,-0.23873276429714974
0.001,4,150,128,53.068557570771766,0.2946029936898933
0.001,4,175,128,54.522414135157646,0.1611112347820306
