learning_rate,num_layers,num_nodes,batch_size,MAPE,R2,MAPE2,R22
0.0005025736298060908,4.034345337253224,200.25108795589708,64.07728744464528,27.447262215296263,0.7003166887035424,54.52394830112693,0.0015560192316917468
0.0004957543046793312,3.948596897167606,199.6573301146427,128.2837512296456,27.501091247283377,0.7166527093402415,46.78062046390593,0.11898837027205139
0.0004987777755301567,3.9725705226361656,247.62860537337164,62.99359353840702,27.58093766215911,0.6831528523451668,46.06895049557073,0.18504186842287743
0.0004963555693905767,3.998573737670235,249.2377489732983,128.34150647078738,27.49120561684007,0.7578010371014977,39.05081545129179,0.21352447418291384
0.0009934066983704748,4.041412048633466,200.53122146699417,65.1463227715538,28.72951591247883,0.6721077524618576,49.461099610562805,0.037205731077143075
0.0010064813908652111,4.018483945377865,197.8632582912474,125.31008108620802,27.46972797179497,0.7194116608324905,46.47545544849893,0.061310231387323624
0.0009892849444677772,4.011113589304088,250.37564595022414,63.12691934479038,28.00651809690106,0.7345891035200733,48.91353167940533,0.05595257639317804
0.0009993722892502235,4.019087927593708,249.13018484545438,129.1478533079966,27.841105628479024,0.7480594383624729,46.82776090997148,0.11121290972612077
