learning_rate,num_layers,num_nodes,batch_size,MAPE,R2,MAPE2,R22
0.0005,4,200,64,27.73682682771223,0.6995875025124532,53.992966886417626,0.0015689169793294822
0.0005,4,200,128,27.45969565177418,0.7141698407694627,46.69552815251669,0.11942719957553771
0.0005,4,250,64,27.518769575969674,0.6827010013829498,46.196816089148705,0.18692357709715957
0.0005,4,250,128,27.295497951042293,0.7635100331915454,39.936628019686296,0.21265364529840847
0.001,4,200,64,29.07297739448813,0.6748042370220313,49.02019022522317,0.03683231220871086
0.001,4,200,128,27.492258947415376,0.7173837417984359,46.421579032038096,0.06033438655893042
0.001,4,250,64,28.317724270595786,0.7230081484947195,49.24701269523645,0.0544600197142171
0.001,4,250,128,28.04308508067817,0.7607953336722257,46.25837154165094,0.11185158708280385
