learning_rate,num_layers,num_nodes,batch_size,MAPE_1,R2_1,MAPE_2,R2_2
0.0009903926706382956,3.0051062206281434,201.64916266624954,127.72014155143651,0.521347151539395,0.3022057443541162,0.4112954571479959,0.7303896562910579
0.0010127698451866893,2.979806534687041,249.33247714079548,127.81570634808392,0.5400953524894152,0.418957554107808,0.37253605278553814,0.7417975163605204
0.0010270172817889228,2.9249628767248863,298.87779317194145,127.9658917727368,0.5453570347517875,0.3951552959284818,0.36886878385309546,0.7596534389928488
0.0009810936391208198,3.9979340674609327,202.37577720489526,127.89212405141447,0.5663681319375564,0.4152453674599386,0.3305406867110392,0.7629169980359574
0.0010098133482400575,3.957709766345965,250.7040051134216,129.25531157518972,0.5271506354375112,0.44271221812749323,0.3551801446112058,0.7740196839254562
0.0009972395542802103,4.013512432291491,300.3095535124433,126.56976524625775,0.49561187579220817,0.3670626692192924,0.37654473400041666,0.733607657842946
0.0010153805934991213,5.029809629970622,199.1829103227159,127.24741144790227,0.5398312261864546,0.41026132688137273,0.34038794359394503,0.7610163472606689
0.000989417325419633,5.015489291088132,249.30399134177307,125.87130394254581,0.5170810829672855,0.3505603389131259,0.40282599197816804,0.7465629183682563
0.0010030377247220972,5.0182031586533995,299.30031427201766,128.0535505183166,0.48893706919066976,0.3958607476697282,0.36357887981651155,0.7674665130617396
