learning_rate,num_layers,num_nodes,batch_size,MAPE,R2
0.0009834551636303925,3.0293447804754776,201.1527831305916,127.15869443524618,1.1172822889613332,-0.077324568934313
0.000985933944668988,2.926383532944184,246.65112737799552,128.51007913599835,0.7690728887960605,0.26333367841090893
0.0009928409402723039,3.0076180596500595,297.32212073643575,128.05949994880555,1.1546195571022333,-0.1713166531677223
0.0009842465414411793,4.044990255682336,201.09077453392007,127.33443980710902,0.9277144730860052,0.3559248512596177
0.0010065816018438583,3.9593872466061883,248.08583862281182,128.37026728011833,0.35366275386495943,0.7029689783736649
0.0010023781489833228,3.9920253550885048,302.870800921812,129.4972933125236,0.3482850033405003,0.7009701663763068
0.0010106302123502784,5.977981004265594,198.96628537460487,131.00392053345257,0.5401579176833377,0.5392808195823874
0.0010162239638772366,5.933359994035281,248.32681760965392,128.8264599639144,0.4181741305919817,0.6559901349551597
0.0010117250771988213,5.982746535933687,304.4406557244337,126.0132354107054,0.5367241319327684,0.569285956903879
