learning_rate,num_layers,num_nodes,batch_size,MAPE,R2
0.001,3,200,128,1.1247796636996183,-0.07887713412123487
0.001,3,250,128,0.7655057848419152,0.26120128425407485
0.001,3,300,128,1.1487787094248003,-0.17147888548158763
0.001,4,200,128,0.9263413414574292,0.35897827745168553
0.001,4,250,128,0.3563726679340423,0.6988072263250134
0.001,4,300,128,0.3467352465948771,0.6981296191149678
0.001,6,200,128,0.5502957260391597,0.5434055233132152
0.001,6,250,128,0.42556661848078875,0.6501154389280948
0.001,6,300,128,0.5308076922433806,0.567629806736508
