learning_rate,num_layers,num_nodes,batch_size,MAPE,MSE,R2
0.0005,4,350,128,61.243922657387785,1753417.1756367139,0.12122885165562869
