learning_rate,num_layers,num_nodes,batch_size,MAPE,MSE,R2
0.0004929907510046479,4.057784807793311,354.8333422954724,128.12712356446025,60.72860257922857,1742080.1146912174,0.12164718745491507
