learning_rate,num_layers,num_nodes,batch_size,MAPE_last_col,R2_last_col
0.0010002422797016114,3.0250814273480766,200.43805402001587,129.14946327449775,0.2833990280054379,0.8618737853003949
0.0010105863636948563,2.9807539588968557,248.84049369955326,129.4913968718625,0.31536495384068836,0.840171479760614
0.00099576439824504,3.0404942094347587,297.0681099639463,127.30017075334389,0.2401727730429202,0.848458011261756
0.0009947607217812367,4.062202135108933,198.70930850699008,129.0029690547381,0.24127839779663593,0.8835373875042127
0.0010038400562554846,4.041159613570017,249.06995137427563,129.2030927190863,0.24268546112490924,0.8660875598768346
0.0010164172389503718,3.98661540818943,302.1247501918407,129.68876676328125,0.2664651913841775,0.8422694080185436
0.000993071766406456,4.930523283450755,200.05984369456473,127.1507569188452,0.23249103591575562,0.8555013399394047
0.0010316428413430182,4.888121916485063,251.62289462520886,126.58296975746744,0.2677701002679232,0.8553399308577855
0.0010189052912161765,4.998048100131261,298.60141202115966,129.07316147347257,0.27732974572722635,0.8439383183111391
