learning_rate,num_layers,num_nodes,batch_size,MAPE,R2
0.0004968352861017665,3.0093696452230634,200.14008352627687,63.61873345106605,9.193255563976539,0.9501752468072923
0.0004966439011553505,2.9648711785502613,196.2675222972785,127.91609344186656,7.18330259302786,0.9562624911697282
0.0009846476322017694,3.0249036952459263,196.06467799052487,63.791439091817075,9.72124533077781,0.9081141085745241
0.0009846710140048733,2.9605639853923695,199.09923992771874,125.65764892162589,8.721786075476459,0.9206027698795916
