learning_rate,num_layers,num_nodes,batch_size,MAPE,R2
0.0005,3,200,64,9.278840265139191,0.9300503371901274
0.0005,3,200,128,7.239834256466844,0.9467243646277909
0.001,3,200,64,9.608731569160858,0.9210025398696098
0.001,3,200,128,8.70416321718526,0.9231358945813182
