learning_rate,num_layers,num_nodes,batch_size,MAPE_last_col,R2_last_col
0.0010105880140781956,2.9990830796677983,202.3277009135401,127.10228498155848,0.7127812151760053,0.4474983914925631
0.0010030203826000507,3.010535148093693,253.2393199554488,127.76603398562393,0.6992663671926863,0.4658586937327145
0.0009844060877877505,3.0052403562612864,294.00389514749656,128.3723822971615,0.6653845619411919,0.4480348333738443
0.0009949568023383587,3.940309161319515,197.84470451442206,130.46996635500668,0.7375301040964086,0.4352091389013442
0.0010131276856367687,3.9946017977480173,251.44546816488378,131.70593368193633,0.678658181044481,0.45922839581363806
0.0010007666260499922,3.9563479993855957,299.6892242815684,125.32228911758554,0.6132771302970486,0.4806841114117093
0.000997611283700369,4.9286429398726,202.388218610516,128.05909081211556,0.5897601587689918,0.47002561680070964
0.0010062774967101024,5.028845961930899,246.67893251022565,127.87351482751016,0.6136265766380959,0.4693243654754875
0.0010066400863468414,5.09934998926171,299.3656675732254,128.26169104040994,0.6444173790782955,0.4308020043418921
