learning_rate,num_layers,num_nodes,batch_size,MAPE_last_col,R2_last_col
0.001,3,200,128,0.7165150425832739,0.44303119471568875
0.001,3,250,128,0.6984739094481177,0.45619746311959564
0.001,3,300,128,0.6642112392986035,0.44822186164046307
0.001,4,200,128,0.7323304054019802,0.4390630657412876
0.001,4,250,128,0.695102962168542,0.45386857552137805
0.001,4,300,128,0.6167041806803297,0.4803872198692435
0.001,5,200,128,0.5876701397504586,0.4692093461418775
0.001,5,250,128,0.6092084249167781,0.475278862725911
0.001,5,300,128,0.6347800882408483,0.43723435296856106
