learning_rate,num_layers,num_nodes,batch_size,MAPE_1,R2_1,MAPE_2,R2_2
0.001,3,200,128,0.25392082304964636,0.6405076284484756,0.21515819138653614,0.8925879947923933
0.001,3,250,128,0.24994082475074209,0.640837506075828,0.1927070982829535,0.9050916283926447
0.001,3,300,128,0.259662110051481,0.6343405551921748,0.2024353857419877,0.9003265025456214
0.001,4,200,128,0.25391228402916627,0.6392630058570742,0.18769827885256454,0.9003308149570663
0.001,4,250,128,0.25730661005331995,0.6452651920032166,0.20622081143476179,0.9042621041883874
0.001,4,300,128,0.26001268309214803,0.638410054681934,0.21894985436364378,0.8986984866413487
0.001,5,200,128,0.25460392059870823,0.6470956371541527,0.20167708664540385,0.9016136165154303
0.001,5,250,128,0.2800813763487088,0.6156388961256877,0.22881446733811656,0.8920872136689253
0.001,5,300,128,0.2552774151182388,0.6413432038455278,0.19489030329310875,0.8974573944598438
