learning_rate,num_layers,num_nodes,batch_size,MAPE,MSE,R2
0.0005,4,350,128,67.01317465613425,1832507.9963053262,0.08159040607166956
0.0005,5,350,128,68.71262044452962,1801347.0778034425,0.09720752019365375
0.001,4,350,128,75.5124848896287,2175332.589620168,-0.09022515826405586
0.001,5,350,128,90.38382076208525,2417062.156055533,-0.21137429016306042
