learning_rate,num_layers,num_nodes,batch_size,MAPE,MSE,R2
0.0005012618824908626,4.03315277155426,348.6530749644185,127.45030846807977,67.06906985131673,1804890.7742903316,0.08161965393792249
0.0005056947331216225,4.945087557365826,351.91207199776017,128.71592130865847,67.74804314485903,1763106.0852568068,0.0974444199660836
0.0010140971534584532,4.021567715948184,352.20218574488007,127.70529033086234,76.28253023130037,2184389.428672045,-0.08958222768600424
0.0010182492356779404,5.007449109550469,350.2260050159217,128.20812028617445,90.13264846727533,2412215.7503602686,-0.2133875423474235
