learning_rate,num_layers,num_nodes,batch_size,MAPE,MSE,R2
0.0005,3,350,64,38.4827920853261,1048739.1989676815,0.4743967590850553
0.0005,3,350,128,33.994976449439754,914610.7038457966,0.5416187832112647
