learning_rate,num_layers,num_nodes,batch_size,MAPE,MSE,R2
0.0005045621859365358,3.0463335884518004,352.5530600899203,64.92281043223406,38.676470676118534,1048576.3415827763,0.4750497086162004
0.0004935323030419501,2.943309023590097,347.39524015880886,128.2442281870393,34.028697255435226,904511.0295139883,0.5406873263454467
