learning_rate,num_layers,num_nodes,batch_size,MAPE,R2
0.001,3,200,128,174.73014893128706,-26363.431658142606
0.001,3,250,128,21.4244415846884,-497.2370145742033
0.001,3,300,128,96.8020046200729,-6428.9435209529265
0.001,4,200,128,162.78129045782083,-22465.536721537082
0.001,4,250,128,57.09642927004286,-2534.817611230423
0.001,4,300,128,27.225699381732305,-656.1769248012131
0.001,6,200,128,10.018132707573638,-64.50683223224743
0.001,6,250,128,44.46948857271867,-1427.2427025363775
0.001,6,300,128,16.132256202345555,-158.66716956937051
