learning_rate,num_layers,num_nodes,batch_size,MAPE,R2
0.0010131779686672635,2.9724729354548516,198.60325019519823,127.90793347606852,172.61149934647827,-26343.940013077114
0.0010011419983022222,3.014227304316257,252.26256067956012,127.36677745420936,21.408825989322562,-504.63965129960695
0.001015373264900094,2.9788322269915017,302.7919914229663,128.21750081314983,95.73263634407407,-6420.1649159172375
0.0009790663948783553,3.9693687834986147,201.2215365424602,128.47765634541847,160.31500593666044,-22840.966831294692
0.0010067389993910648,3.941655146468329,251.35849340717814,127.52630675423602,57.15739944452574,-2572.5851531593066
0.0009979112779201704,3.9757958926313424,295.7317567436523,127.67170818689011,27.41642410176575,-652.0035242739843
0.0009932650424541722,6.064023344952064,203.52007025654632,126.89560467551472,9.974494658364366,-64.23207423834452
0.0009816151065849617,5.974146340191073,248.53693947503186,127.61478777100007,44.390569666872274,-1438.693832063652
0.0010200705181531919,6.057675614866366,304.33272147211676,125.58871855395176,15.986513432551886,-155.546598792052
