learning_rate,num_layers,num_nodes,batch_size,MAPE,R2,MAPE2,R22
0.0005,3,300,64,63.41592062020588,0.19855804573470615,83.59657933999137,-0.35591519036813746
0.0005,3,300,128,61.60782709487421,0.28505141415852275,83.4663599902663,-0.3609877783639057
0.001,3,300,64,64.30850624591478,0.19601007031472406,85.16197751907248,-0.3102488339676559
0.001,3,300,128,56.687956693461125,0.36103084778197336,81.94835576517566,-0.2792057345151344
