learning_rate,num_layers,num_nodes,batch_size,MAPE,R2,MAPE2,R22
0.0005077857355521809,3.022092307341105,296.4789216058335,64.19496244633545,62.31212737614236,0.1989065131451138,82.62144421944447,-0.35868364167117495
0.000499684048115023,2.9705630312788083,299.09599871425723,128.00407296719055,60.901047336630775,0.2849056619800601,83.02859647350502,-0.3587657906508071
0.001017470149680549,3.02955659306373,294.4750939330441,64.12152061801758,65.03452581063213,0.19578066592537033,83.12065551444708,-0.31180309245146615
0.0010048490678670283,2.9730545930033503,305.1078634603632,128.71673070898566,56.54431320085513,0.3615338509307308,80.73224626612742,-0.27780936200506867
