Lookback,RMSE_wind,MAE_wind,,RMSE_solar,MAE_solar,,RMSE_load,MAE_load
24,0.032165418,0.016729169,,0.105844843,0.062497482,,0.099689095,0.076281542
48,0.034765904,0.018297936,,0.100237651,0.063970807,,0.067852537,0.057335812
72,0.033272125,0.017792008,,0.094577467,0.062660217,,0.073198053,0.06085409
96,0.034591991,0.018660852,,0.110510078,0.079991353,,0.073784097,0.058487467
120,0.034332732,0.020229327,,0.106620894,0.071461082,,0.087341146,0.074155222
144,0.038127283,0.01909839,,0.10808651,0.069290361,,0.070290153,0.058471491
