Lookback,RMSE_wind,MAE_wind,R2_wind,RMSE_solar,MAE_solar,R2_solar,RMSE_load,MAE_load,R2_load
24,0.03216541806559908,0.016729169117993877,0.23071767719438185,0.10584484335241785,0.0624974819111142,0.8011527851208392,0.09968909502070226,0.07628154177301072,0.09808972691670226
48,0.03476590363629411,0.018297935685440636,0.10744224179086748,0.10023765075346534,0.06397080709319893,0.822640409905168,0.0678525365288972,0.05733581162657498,0.5843696811090895
72,0.03327212486551985,0.017792007668717216,0.18788871931670892,0.09457746651191527,0.06266021680862743,0.8431057250505585,0.0731980529900417,0.06085409033894439,0.5122833125027215
96,0.03459199100432267,0.01866085199177569,0.1283403759931192,0.11051007836135934,0.07999135260649118,0.7868615176054994,0.073784097113996,0.058487467344350466,0.5002501633384278
120,0.03433273200498501,0.020229326971188896,0.14709435262699666,0.10662089353169457,0.07146108179339666,0.8025883728973123,0.0873411458572144,0.07415522184226508,0.30300650221290937
144,0.03812728251874745,0.01909839043386291,-0.04494066405361896,0.1080865103302744,0.06929036130088839,0.7981329527048788,0.07029015276574692,0.05847149053694312,0.5507068236654827
