learning_rate,num_layers,num_nodes,batch_size,MAPE,MSE,R2
0.0005,5,200,128,32.214266575497454,642132.8830251207,0.6781782117534244
