learning_rate,num_layers,num_nodes,batch_size,MAPE,MSE,R2
0.0004988697106833432,5.0233187413099945,201.54294527677214,128.59112046454734,32.51102799306116,652873.4793292073,0.6654584207934584
