learning_rate,num_layers,num_nodes,batch_size,MAPE,R2
0.0010060310355041598,3.048019843740337,200.52096840555328,125.79750984297696,0.24644764436954414,0.8610459200537225
0.0009788073799157039,2.9691088750045513,248.29060200122564,129.30224322975928,0.26745562686339314,0.8838849804564647
0.0010129094534486185,2.990853841555831,298.2422376562503,128.78425391462446,0.26151018023722883,0.862493987044203
0.0009894566086418124,4.008770974498887,200.7774324854444,125.56098096584483,0.17854258033429773,0.903123542416226
0.000995329108269977,4.011482282417934,250.26093921375693,125.76174906319439,0.3651767853262693,0.8466205095558661
0.0009970787704740637,4.004032660344518,303.83780086313845,128.14278376061273,0.34250462378938756,0.8578654646702105
0.0010119856770094136,5.947008112760812,199.27205484067954,128.55094492500092,0.4456389270906692,0.830381396055446
0.001022973232901629,6.166792339454022,249.59737792928385,130.21468317636348,0.49495452569343723,0.8145330353090275
0.0010174892735233122,5.98807011691176,296.23916940744004,127.11645263666531,0.2618932565855436,0.8751635263149089
