learning_rate,num_layers,num_nodes,batch_size,MAPE,R2
0.001019955199380548,2.986313365061396,203.3210229313186,129.2643002037264,50.33663324515975,-8866.590637132418
0.001015129321689569,2.993599665063537,249.99436830298535,128.65598065390995,4.106869779370632,-61.63363920920413
0.0009980631120729193,3.000906100402309,301.22688957189894,126.86511985047146,36.96882095136787,-4767.957710767939
0.000997685563421064,3.933351288692998,203.8925707303453,127.84298270040077,101.79223272711873,-49506.37961917983
0.0010037875171684688,3.9967319064568034,247.33975159109823,128.72057295379003,15.564937103258162,-986.0669208698071
0.0010022246535821972,4.0163213947021985,296.3869103863175,130.36716433248765,19.559481363541256,-1732.9256906480778
0.0010094607718587572,5.963912181517354,199.19592037103678,127.17113056977598,16.295512181445744,-881.5536611037586
0.0010049558226721878,6.113638567453281,253.68794427721863,126.4157141762199,60.36226618660084,-18512.089161043943
0.0009927856697140279,6.029803730350369,301.06784531633264,127.76079836626405,14.760877413562405,-1057.6099657865889
