learning_rate,num_layers,num_nodes,batch_size,MAPE,R2
0.001,3,200,128,50.882685266145174,-8969.055847966949
0.001,3,250,128,4.147030219173375,-60.7309380819508
0.001,3,300,128,36.85107005421245,-4693.337253912105
0.001,4,200,128,101.21710786463701,-49050.79730256549
0.001,4,250,128,15.347334420714645,-990.3107085329532
0.001,4,300,128,19.648476698615926,-1717.581723376007
0.001,6,200,128,16.14632131110537,-879.6334440601341
0.001,6,250,128,59.512497349523436,-18445.7192356522
0.001,6,300,128,14.990625976857302,-1073.5874329954252
