learning_rate,num_layers,num_nodes,batch_size,MAPE,R2
0.0009878979332949836,3.007953906295066,199.73479518024646,127.72877500307128,1.1537070790138573,-0.07911043063311533
0.0009996519165825686,2.967627213412627,248.71331616034337,127.44948468036853,0.7591252312716419,0.26380951560046645
0.0010063169551544407,2.9780669029696902,300.4083159596377,125.04697025634336,1.1443654047590266,-0.17154775904996059
0.0009890397850667208,4.002879333415685,204.8070535373427,128.5556633614177,0.9301412226696689,0.3579696556575149
0.0010044040105345712,4.0385821472211205,250.06181204906972,127.56178972738145,0.3512395401927933,0.6981973198771784
0.0010043343081728832,3.9664171487224125,295.4699155772154,127.39994736348035,0.34741819427279136,0.6929235824556512
0.00101658410229789,6.099440686203509,199.9086106082699,128.4002953610536,0.5578590883232059,0.5465973483904849
0.0009748851467495794,5.978255128137227,252.5360647998807,126.97233847657485,0.42795239745583447,0.6521281764333442
0.0010085308030541365,5.960984502599242,301.1210841008825,126.93233945739476,0.5398672702299585,0.5585192768115084
