learning_rate,num_layers,num_nodes,batch_size,MAPE,R2
0.000500494872165099,3.0223922941087453,201.52786720686234,64.2361445535992,15.149680766199715,0.882142256664264
0.0005009170661836982,2.992098915852887,199.73436780875608,128.17723075431692,7.891965320022823,0.9659291575390038
0.0009955858767693368,3.021788831601512,195.78202657703105,64.36461648526763,13.962434809667796,0.9057958391307124
0.0010229914069424923,2.9453611411034055,202.7244123569812,127.68260829065228,7.949752935007243,0.9842993241075694
