feature_to_remove,RMSE_wind,MAE_wind,,,RMSE_solar,MAE_solar,,,RMSE_load,MAE_load
DHI,0.033600486,0.021905297,,,0.0822045,0.054896567,,,0.093958687,0.069968924
DNI,0.046283987,0.030676521,,,0.084263369,0.058017,,,0.073793315,0.056614943
GHI,0.045011328,0.032779746,,,0.085898477,0.05572804,,,0.067365689,0.053690825
Dew Point,0.038249289,0.023753718,,,0.080165315,0.052668348,,,0.109016529,0.08008203
Solar Zenith Angle,0.047177368,0.034325846,,,0.089090533,0.054931205,,,0.068312517,0.053541753
Wind Speed,0.090778762,0.070221856,,,0.119954103,0.07867117,,,0.068468984,0.05938613
Relative Humidity,0.047459801,0.034276586,,,0.119922954,0.07462972,,,0.082425676,0.060542602
Temperature,0.046476155,0.028366419,,,0.078064016,0.05029131,,,0.062894996,0.050234593
