feature_to_remove,RMSE_wind,MAE_wind,R2_wind,Sigma_wind,RMSE_solar,MAE_solar,R2_solar,Sigma_solar,RMSE_load,MAE_load,R2_load,Sigma_load
DHI,0.03360048582779607,0.021905297,0.18845796585083008,0.39306536,0.08220449953537916,0.054896567,0.8832347393035889,0.18057889,0.0939586869789638,0.069968924,0.19718635082244873,0.11805451
DNI,0.046283987125173634,0.030676521,-0.5398606061935425,0.509658,0.08426336866566105,0.058017,0.8773125410079956,0.22468337,0.07379331499753229,0.056614943,0.5048065185546875,0.0041381316
GHI,0.04501132766221358,0.032779746,-0.45634257793426514,0.10710813,0.08589847719088371,0.05572804,0.8725049495697021,0.19679634,0.06736568910603934,0.053690825,0.5873153209686279,0.08136054
Dew Point,0.03824928905490183,0.023753718,-0.05163884162902832,0.35948387,0.08016531547234132,0.052668348,0.8889558911323547,0.11298343,0.10901652924844848,0.08008203,-0.08075070381164551,0.1722243
Solar Zenith Angle,0.04717736772518334,0.034325846,-0.5998797416687012,0.0051947576,0.08909053298570517,0.054931205,0.8628532290458679,0.14921279,0.06831251650105039,0.053541753,0.57563316822052,0.0041207243
Wind Speed,0.09077876176230937,0.070221856,-4.9236369132995605,0.5673005,0.11995410315281381,0.07867117,0.7513704895973206,0.0262991,0.06846898351422304,0.05938613,0.573686957359314,0.23211043
Relative Humidity,0.04745980141696751,0.034276586,-0.6190928220748901,0.13578941,0.11992295385863273,0.07462972,0.7514996528625488,0.23249511,0.08242567638923676,0.060542602,0.38217443227767944,0.027630836
Temperature,0.04647615494295305,0.028366419,-0.5526740550994873,0.4295572,0.07806401554729375,0.05029131,0.8947010040283203,0.11194603,0.06289499605283218,0.050234593,0.6402729749679565,0.08396571
