learning_rate,num_layers,num_nodes,batch_size,MAPE,R2
0.0005021866227309249,2.953774865554407,249.16233669077587,64.2856537863516,9.701454106623308,0.9584388068173653
0.0005006675860778661,2.9959705713104996,243.27346815348926,127.49495980394794,8.080433209971307,0.9683345073999855
0.000993535886255066,2.964897705409438,251.02282236107186,63.14281526426322,10.67357807890493,0.9534779843389488
0.001007250240356975,2.9873827523660803,250.13789305815206,128.2601108419687,8.387554361038255,0.9687938607729616
