learning_rate,num_layers,num_nodes,batch_size,MAPE,R2
0.0005,3,250,64,9.772372679136534,0.9685349593134753
0.0005,3,250,128,8.040678321174791,0.975299659078504
0.001,3,250,64,10.817079471817987,0.9496421626809824
0.001,3,250,128,8.51074131742535,0.9714012351054836
