learning_rate,num_layers,num_nodes,batch_size,MAPE_last_col,R2_last_col
0.001,3,200,128,0.5040809763966937,0.6420148691620251
0.001,3,250,128,0.4538467146356574,0.6381375644712363
0.001,3,300,128,0.5221011996052478,0.6410322891139014
0.001,4,200,128,0.5377610264218502,0.6509536126746729
0.001,4,250,128,0.40976783285973717,0.6390060125968193
0.001,4,300,128,0.4604933211681263,0.6537240426210467
0.001,5,200,128,0.43289775220154253,0.6577363359408017
0.001,5,250,128,0.43109010575433393,0.6547934077025152
0.001,5,300,128,0.475657285163221,0.6524779423119971
