learning_rate,num_layers,num_nodes,batch_size,MAPE_last_col,R2_last_col
0.0010050579546902563,2.9585089743680184,199.87249914635652,127.52995119082298,0.5152419950880118,0.6334418604106872
0.0010039417830470627,3.0174405743637744,251.2884355542575,127.64358761474985,0.44868129054698574,0.6330384321089417
0.0010098377547537545,3.0136982759483817,296.8525380622001,129.00267193951439,0.5244268613117569,0.6351357470784205
0.000993069521599948,4.019345827947789,201.19497348363487,127.20890176995321,0.5353363653466665,0.6404548585375113
0.0010059557743355642,4.001508349245761,253.32389994034753,128.88074645919073,0.4028639159186226,0.6405422900545504
0.0010098956759232909,4.058218260953466,296.60102481803085,127.06239342054276,0.45227105845156296,0.6517564182540947
0.0009997439130178636,4.948837341249789,199.73564783565482,128.60923556701385,0.43831284879462207,0.6462692614602685
0.0009910638726947224,4.930092296750633,247.05483115884593,126.64200640741566,0.4292097043489248,0.657909609409688
0.0009878243670384485,5.013334160720538,299.5826136063686,127.7435092712389,0.477658671239168,0.6461674241304209
