learning_rate,num_layers,num_nodes,batch_size,MAPE,R2
0.0004993632207714798,3.0088505156656855,198.96633461564448,64.39488061995051,15.389986180772931,0.8841072040215201
0.0005002414872145655,3.0553847958651734,202.93164562240966,127.88051611184216,7.90426417743377,0.9633446098572425
0.0009956271602176768,3.0202122425631504,201.90542293822503,63.2795282203788,13.999770479955048,0.94769168295239
0.0010242618749262732,2.978619589293242,198.81543125948494,127.73799899184031,7.899691720432052,0.9677117350441218
