learning_rate,num_layers,num_nodes,batch_size,MAPE,R2
0.0005,3,200,64,11.188853695469291,0.8838505667590942
0.0005,3,200,128,9.84623079729362,0.9023067204267246
0.001,3,200,64,12.378071800715489,0.8835024297269873
0.001,3,200,128,10.33605189762814,0.9025798136697244
