learning_rate,num_layers,num_nodes,batch_size,MAPE,R2
0.0005053394125016329,2.983311710902391,198.52050772560895,64.54972007961243,11.107313122971329,0.8701315231818626
0.0004979432066006745,3.0605450250197443,199.57604142492963,127.0822663210794,10.101998599709729,0.9163176064410721
0.0010032247313083767,3.0099524443785977,202.5112050058314,64.13972742017125,12.57261242611632,0.8869224382579445
0.0010006215152481139,2.984392597095626,201.46128947822757,127.18650785659133,10.34545720840981,0.9031663162025741
