learning_rate,num_layers,num_nodes,batch_size,MAPE,MSE,R2
0.0004977350492680782,3.019468029883634,350.5653309933718,127.42337387444299,23.551560844801468,275268.69510463375,0.8559361854051073
