learning_rate,num_layers,num_nodes,batch_size,MAPE,MSE,R2
0.0005,3,350,128,24.04378354756082,268904.4036763415,0.8652314834730029
