learning_rate,num_layers,num_nodes,batch_size,MAPE_last_col,R2_last_col
0.001,3,200,128,0.15413763585971904,0.9524176647297106
0.001,3,250,128,0.15148242492676087,0.9491052442124631
0.001,3,300,128,0.15177727316693074,0.9524196732926257
0.001,4,200,128,0.18171019403148977,0.9500344199595039
0.001,4,250,128,0.1500524727101945,0.9541754889550573
0.001,4,300,128,0.14164256720587484,0.9520185533973918
0.001,5,200,128,0.14886738881483377,0.9556069066138576
0.001,5,250,128,0.1630846919531354,0.9550271221514601
0.001,5,300,128,0.14294679514045017,0.9551663300283542
