learning_rate,num_layers,num_nodes,batch_size,MAPE_last_col,R2_last_col
0.0010133043816604,2.9850706541619747,199.51581955987734,127.47443722945748,0.15543350418559723,0.9385574134913977
0.0010009932424226407,2.971713280469694,245.65143301886866,128.9049383049048,0.1497427365096224,0.963304467453305
0.00101028989688077,2.966735802354603,297.01282631868685,127.24875960251642,0.15209340031789298,0.9595733876744917
0.0009930065052694182,4.009813702165804,197.77152809774404,129.1590896221819,0.181234426918454,0.9530131975157238
0.0009960651017561762,4.012763553732664,242.35601455656027,129.3257001042032,0.14770783148445632,0.9655030876412485
0.0009902726563693544,3.9750735015838923,303.762032492698,128.75285586165717,0.14067766404558643,0.9524539679580784
0.000997717888107024,5.074517429060667,197.6270748997013,127.66204057783833,0.1484113437507004,0.9624316077621379
0.0010246160351291777,5.007953542990088,248.2784883790179,130.53469095596577,0.1629103475507655,0.9528278885967117
0.0009816679071868583,5.029056980782225,295.2904966882638,128.3217205815132,0.14298280770581445,0.9633273308951681
