learning_rate,num_layers,num_nodes,batch_size,MAPE,R2
0.0009978968065146396,3.025772821059325,199.88087693261824,128.54205144429562,0.2844385348180742,0.8914133979872425
0.0009908610719987193,2.967765630610388,249.36768056880135,128.672441060803,0.295690619253311,0.8677009521375961
0.0010074790062481978,3.0047355155317845,299.57247607873245,126.78863826937356,0.1770408942324048,0.8960653719309586
0.001000684113346716,3.97386010262781,197.91328451309033,128.68519931328117,0.15707137957314202,0.9243112559013988
0.000992056525915618,4.0380857173922475,255.0768760102191,127.42402864311042,0.18817607777269643,0.8944314287808951
0.0010170837276591846,3.995736607876954,295.69539452985686,127.37928269583342,0.18640120519955394,0.9036945201986225
0.0010091508224341077,5.87066086590434,198.31290533564206,126.97369288782811,0.24432425899166305,0.8917970979718357
0.0009866750208349022,5.995969425948876,248.34975254411725,128.12439985178887,0.217546151364767,0.8991556129148807
0.0010092196252237014,6.01925265213211,301.88686456970805,127.53284283044042,0.23216417695257943,0.8953717112780171
