learning_rate,num_layers,num_nodes,batch_size,MAPE_last_col,R2_last_col
0.0010004928690409347,3.0185720559217293,200.37321176144877,130.064251379474,0.4069619528632337,0.7568382024014148
0.0009965271452146561,3.017396230389356,249.72775294330148,128.53560970837907,0.4061047177873844,0.7568854262054576
0.0010121763752456248,3.020850780931276,296.49524964428736,127.48831536299281,0.46977374798460375,0.7432933817627482
0.000995180230013941,4.011659379219312,199.65271910719318,128.13886879150303,0.4165321066892294,0.7644721461389001
0.0009844018870232354,4.032441494082309,245.73998842906022,128.5731359687934,0.39316909233550834,0.7684991668563047
0.0010026917780216842,4.018489420168685,306.9125548747937,127.95647181212007,0.3779223294519441,0.7712609826865477
0.0009958673922364622,5.002898995577424,200.90464273709625,127.17804429687563,0.3783826334025558,0.752522407054408
0.000985860638378972,5.038072745201218,254.15409323307728,129.36473381540705,0.36855843181523357,0.7566592605013098
0.001007263127275975,5.038847334085188,301.2082052759488,129.79018769891795,0.39581912633369987,0.7575421825153736
