learning_rate,num_layers,num_nodes,batch_size,MAPE_last_col,R2_last_col
0.001,3,200,128,0.4024499665828599,0.7519957096658895
0.001,3,250,128,0.40828641097702634,0.7623469559601921
0.001,3,300,128,0.4767118246823258,0.7464386220750627
0.001,4,200,128,0.40864675713968257,0.7663095134678375
0.001,4,250,128,0.3937051086692467,0.7692897220014296
0.001,4,300,128,0.375866761341328,0.7722946496708647
0.001,5,200,128,0.374886559766684,0.7641991222091772
0.001,5,250,128,0.367520156990449,0.7625079240242834
0.001,5,300,128,0.39917802836435157,0.7699552051375418
