learning_rate,num_layers,num_nodes,batch_size,MAPE,R2
0.0005,3,250,64,676.9867736561051,-71.87831466746361
0.0005,3,250,128,23.073945637808844,0.6027854160905433
0.001,3,250,64,676.9867735745079,-71.87831462908788
0.001,3,250,128,21.31270422128231,0.5388737485318702
