learning_rate,num_layers,num_nodes,batch_size,MAPE,R2
0.0004990096497015221,2.985915751857163,252.11109475083995,64.72182442205715,677.200283805141,-71.31520683765262
0.0004995644329259926,2.9562330479273804,249.4123224968522,128.74908085833223,22.937848253339084,0.6118010650271479
0.0010154719511376547,3.0006604016887293,243.13330052858365,63.08281285131692,670.5231720324241,-72.12781528748779
0.0010116345845654995,3.0164709504689267,246.32455852824634,126.54276795289896,21.339271499258054,0.5389570523531144
