lookback,RMSE_wind,MAE_wind,,RMSE_solar,MAE_solar,,RMSE_load,MAE_load
24,0.036661,0.018204,,0.093448,0.054255,,0.074443,0.057551008
48,0.037691,0.019356,,0.072791,0.044906,,0.072463,0.054821838
72,0.032152,0.0222,,0.079442,0.053284,,0.061347,0.053208962
96,0.033878,0.021449,,0.088197,0.054419,,0.087982,0.06471683
120,0.047377,0.032579,,0.077196,0.054178,,0.106113,0.08092596
144,0.032208,0.021963,,0.069782,0.045469,,0.083858,0.063964486
