learning_rate,num_layers,num_nodes,batch_size,MAPE,R2
0.0005006006090424541,3.0330190602252243,199.51201197713993,64.12378196040355,41.4456026640669,0.8246458381696503
0.0004962881836736268,2.998140661164893,198.55154124992484,130.46053251844097,40.32736721910692,0.8366556365394948
0.0009985014789048688,3.0218320272409134,200.39294828532454,63.38886390247706,43.82735425074888,0.8115806360090726
0.0010097743290259837,3.0289992552729874,203.52789775171686,128.67699618330704,32.27759612510921,0.8663241818906167
