learning_rate,num_layers,num_nodes,batch_size,MAPE,R2
0.0005,3,200,64,41.35501519664841,0.8269823752219614
0.0005,3,200,128,40.44512233126895,0.8325472766290238
0.001,3,200,64,44.17861264988495,0.8186209825393731
0.001,3,200,128,32.59813613363075,0.8592663307691609
