learning_rate,num_layers,num_nodes,batch_size,MAPE,MSE,R2
0.0005,4,200,128,52.15819441811228,1561787.5260727874,0.21726909213232581
