learning_rate,num_layers,num_nodes,batch_size,MAPE,MSE,R2
0.000492569578334285,4.028140608402172,204.00652501484825,127.52527873455601,51.67010768003072,1544381.676431061,0.21584888927772977
