learning_rate,num_layers,num_nodes,batch_size,MAPE,R2
0.0005,3,200,64,10.11859139897614,0.9482930010480545
0.0005,3,200,128,9.047216304127502,0.9592071149698227
0.001,3,200,64,10.004092937246952,0.9607128565987362
0.001,3,200,128,10.140852349856889,0.9649725858465278
