learning_rate,num_layers,num_nodes,batch_size,MAPE,R2
0.00048746566502861385,3.040709350566568,199.45903076169378,63.677910001435066,10.037442826776987,0.945574563406705
0.0005029482695700832,2.9797513778950973,205.93450118179456,127.20150943470064,9.05021938750237,0.9552437789983036
0.0009876151555016153,2.9938277160686098,201.96171926886134,63.517719827859686,10.040369318073765,0.9535433606389858
0.0010131409623824817,2.977950536049788,196.5762322493873,127.8542623535904,9.804886255009416,0.9605791309042963
