learning_rate,num_layers,num_nodes,batch_size,MAPE_last_col,R2_last_col
0.0009741587269259442,2.9487335656203317,199.65096584181296,129.42368984171569,0.5624042005504178,0.5430889455088617
0.001009345675639945,2.972749782681103,247.9579302531552,128.474642685879,0.5975622929792616,0.5326273047251749
0.0009866692138361783,3.015140861365204,303.83376380333027,128.725072356177,0.49199386784066745,0.5392471423622259
0.0009979919735342432,3.991181796548605,194.32571367198344,128.795332139065,0.4750082336436697,0.5527739995885989
0.0009985574243487048,3.9972877521159833,255.0486488090779,127.91965819108994,0.6188943778443501,0.5469104401449314
0.001002580502167434,3.9620846588199274,299.17488004063534,127.19347896805007,0.587934518364802,0.5589804095989988
0.0009943015776587476,5.020383932348418,198.7984516896686,126.22258725126589,0.5251904851210905,0.5708245163626245
0.0010072635121604904,5.024319920618725,249.4657865490832,128.2505295074239,0.44985912548458773,0.5596981208051508
0.0010061153045629267,4.999743849656486,299.62617703302027,126.23645285632578,0.49188782381076285,0.5768840631857487
