learning_rate,num_layers,num_nodes,batch_size,MAPE,R2
0.001,3,200,16,348.60866292149024,-3.900560742529893
0.001,3,200,32,319.3472390348666,-3.561493878270438
0.001,3,250,16,459.77395182232294,-5.607462515567124
0.001,3,250,32,445.34275177165705,-5.293674164333822
0.001,4,200,16,459.2886301461652,-5.596172324647737
0.001,4,200,32,440.35383659431665,-5.210998714141962
0.001,4,250,16,461.281512403598,-5.642328443563803
0.001,4,250,32,461.281512403598,-5.642328443563803
