learning_rate,num_layers,num_nodes,batch_size,MAPE,R2
0.0005,3,200,32,457.153351,-5.550936414
0.0005,3,200,128,370.5577975,-4.06749687
