learning_rate,num_layers,num_nodes,batch_size,MAPE,R2
0.0005023800512431398,3.0305089797453344,199.50549711034432,32.164178180551126,461.53929492552146,-5.505323846332465
0.0005041768081045974,2.975640665000314,198.9081565045593,125.00587173913331,366.54761559631106,-4.140102007151739
