learning_rate,num_layers,num_nodes,batch_size,MAPE,R2
0.0009891453581394394,3.0397925903641956,200.51963485277938,15.99399123832731,351.0503111410353,-3.900645493394267
0.0010024573180443333,2.9684492839054877,196.68837411954837,32.01604651527472,324.3834415144602,-3.4740398440471987
0.0009945300989758375,3.078367650380666,253.60626939885668,15.895398033966252,466.20503369210724,-5.551160914442181
0.000981724299534632,3.044460025416962,250.88751810441568,31.8827495935264,449.6408084240579,-5.336822293289841
0.0010028918169077523,3.989385530806132,200.4189875802396,15.705502835438539,460.0308520481748,-5.655020416279004
0.000992158078647852,4.0080004236485,198.50254242635035,32.22243575755161,440.79770897623786,-5.256166553139838
0.0009988141030407174,4.049724263741541,251.57029389565218,16.226030291127266,462.42663141247584,-5.669640513966081
0.0010032780315103631,4.057287743244481,249.68691554316305,32.23807376891576,463.04910200942714,-5.685626204418844
