learning_rate,num_layers,num_nodes,batch_size,MAPE,R2
0.001,3,200,128,0.6342747090825719,-0.44620693055631055
0.001,3,250,128,0.48351232975208985,0.426388690031376
0.001,3,300,128,0.9743662495451628,-0.09021205449625058
0.001,4,200,128,0.7347132816072119,0.27504129551871104
0.001,4,250,128,0.32342696128938236,0.5755713148887855
0.001,4,300,128,0.8488482177983725,-0.18440030522255113
0.001,6,200,128,0.5825291031520243,0.38511058689435496
0.001,6,250,128,0.3678480998531279,0.4992067795964156
0.001,6,300,128,0.32948582228534645,0.60845339721695
