learning_rate,num_layers,num_nodes,batch_size,MAPE,R2
0.001000181455921567,2.984324112240569,200.95856249155793,129.91583470714372,0.6371576675308978,-0.4480884428573331
0.0010033714292585914,2.9864900272850696,247.80029441687054,125.64587063935254,0.47779403650801794,0.4358256516659239
0.000995763494081357,2.9557468146929193,299.8423617390937,126.93729542669035,0.9744657066394837,-0.09138296236836252
0.000989943218091107,3.9780549054218,198.49388486947421,126.47208550227629,0.7330542120821414,0.27195792596541
0.000986798858571129,3.975490428835362,245.00450444988095,128.34702420021006,0.32319522068579637,0.5768377931722963
0.0009942507733888117,4.044467755627364,298.6631459103177,127.93329419714051,0.8490155643737336,-0.18324274093262075
0.0010304390419175707,6.013053205914344,201.46101835612316,128.06606528759346,0.5810486018762476,0.3879776595990562
0.0009952827321466412,5.932348440788321,250.58032731415975,127.6684595452367,0.36347274512026645,0.4990525046867956
0.0010017495561086922,6.065024499592606,300.18647303729665,125.97224864718375,0.33220232352826945,0.6053287290407641
