learning_rate,num_layers,num_nodes,batch_size,MAPE,R2
0.001,3,200,128,34.00219035487325,-2820.1439326544532
0.001,3,250,128,49.02000582077627,-5952.355412937033
0.001,3,300,128,8.578835818777414,-108.46182806902154
0.001,4,200,128,44.9317940160235,-5123.0371372341815
0.001,4,250,128,112.72360292936615,-32138.851264723933
0.001,4,300,128,23.22677528706789,-1237.3669456195262
0.001,6,200,128,1.78040880475476,-5.564257480227931
0.001,6,250,128,8.19758012747278,-142.33436123112955
0.001,6,300,128,65.47967035744578,-10570.266633457777
