learning_rate,num_layers,num_nodes,batch_size,MAPE,R2
0.0009984181856438031,2.9771336005410385,201.04297163097112,130.16361518812747,33.89843609417714,-2858.9006025641565
0.0010007111240321407,2.958865156050667,246.05304585584483,129.45669446305627,48.69820080906093,-5932.7353043125695
0.0010017804295786026,3.004372795973883,300.8906511000965,128.6225652664345,8.581382346531324,-108.00235462687708
0.0009974625584743867,4.027921013810898,201.70900951990836,127.45300403256718,44.57676212302965,-5145.213445077263
0.0009832088175511784,4.03884551455043,249.88785277417335,129.6136705518303,112.7533038053182,-32040.16138368557
0.0009899659450720944,4.013823072338456,299.91109343537335,126.16999382198829,23.495930939645543,-1232.241160508112
0.0009991627581821352,5.877459405866002,195.88063434029252,126.73000673508612,1.786527754612497,-5.645988477127088
0.0010040948579639092,6.002900901162376,253.15715605283089,128.11994211365172,8.246462925858761,-140.88074364321858
0.0009825882831351032,6.078695612222379,297.65115603251274,127.74541506902393,66.09260584819982,-10676.562968938048
