lookback,RMSE_wind,MAE_wind,,RMSE_solar,MAE_solar,,RMSE_load,MAE_load
144,0.111772108,0.08569003,,0.365077816,0.24547304,,0.554542093,0.5142881
