lookback,RMSE_wind,MAE_wind,,RMSE_solar,MAE_solar,,RMSE_load,MAE_load
144,0.100551493,0.07047792,,0.43284878,0.34295738,,0.316760559,0.26801217
