learning_rate,num_layers,num_nodes,batch_size,MAPE,R2
0.0005011731213571775,2.9668770367895902,197.47662046148537,63.48137828535603,15.377489211273728,0.8919296264834864
0.0005035788322278853,2.9756647554448827,202.03919655140484,125.20652156131,7.806892614343853,0.9814345828071672
0.0010020224255535505,3.0454877699361593,202.15031833650778,62.95765320377998,14.168993841333599,0.9405287796964682
0.0009930090139838147,2.9980342164065807,200.69717296964458,127.66217888265165,8.031889212594173,0.9747231007894951
