learning_rate,num_layers,num_nodes,batch_size,MAPE,R2
0.0005,3,200,64,15.228926187597484,0.8896505816599503
0.0005,3,200,128,7.854025304232415,0.9728815805824089
0.001,3,200,64,14.08965715854785,0.9303382741629752
0.001,3,200,128,7.914045475208253,0.969668450244158
