learning_rate,num_layers,num_nodes,batch_size,MAPE_last_col,R2_last_col
0.0010030793431593619,2.9917000029879777,196.45466267178628,127.64830164288107,0.28092006542426695,0.8524674815725838
0.000986304738870039,3.0007976776878067,251.18042698991394,126.83606283806402,0.23568284231299327,0.8861272329475747
0.0010019347950789052,3.0243319228091585,302.98174040333316,129.57468862941988,0.2284266352479454,0.9006038434604249
0.0009878789667831065,3.954887179565633,202.60753861072405,126.97936644617576,0.2414069764664468,0.8926322129702928
0.0009960543331690866,4.012155653429526,252.27621143184078,129.24574754725575,0.23393657470492368,0.8570244348544886
0.001015500865563114,4.017201189325691,303.38819241726156,131.33565920385968,0.23022664328356654,0.8751532524342259
0.0010084233803523744,4.923465178123531,198.79902505682472,128.14834513621582,0.23148425478241105,0.8877484097486379
0.0010086332295705562,4.986872799845406,255.50411047264268,127.67047057375376,0.22714134341877648,0.8718619981306585
0.0010066607692786834,5.006534965315277,297.1780530503552,129.78711039950406,0.25781495841652186,0.8983393781481797
