learning_rate,num_layers,num_nodes,batch_size,MAPE_last_col,R2_last_col
0.001,3,200,128,0.28170071768277943,0.8684052642101138
0.001,3,250,128,0.23522282243473336,0.8752735782257195
0.001,3,300,128,0.22441442250003496,0.8773676276360393
0.001,4,200,128,0.2424452307902159,0.8770797329519322
0.001,4,250,128,0.23221313032916718,0.8699134636002644
0.001,4,300,128,0.22851849602039231,0.8774539386037882
0.001,5,200,128,0.23378372510469986,0.8837578262960621
0.001,5,250,128,0.226401553325037,0.8803732998242619
0.001,5,300,128,0.25679813003817814,0.8749560244716983
