learning_rate,num_layers,num_nodes,batch_size,MAPE,R2
0.0004962788910366091,3.0260402802851063,199.9604923631953,64.58308457373433,9.362922747378088,0.9118956336366278
0.0005020528625620704,3.02684670720725,199.59657717368685,129.52625064797766,7.11645579289291,0.9443157388293234
0.0009919369539401054,2.9988525297380226,200.08016882877536,64.83269966667193,9.652036168902118,0.9219123494632179
0.0009956444056079556,2.995128315619695,202.4809940660477,126.6874403056133,8.600659585207422,0.9270616469775202
