learning_rate,num_layers,num_nodes,batch_size,MAPE,R2
0.000997901521321135,3.055433175626204,198.00672613626327,128.0430309603209,0.1701126472165478,0.8745875174058421
0.0010064938054158438,2.9870797650380205,246.6219217081015,127.26351040921595,0.23571302593693935,0.7160196979844173
0.0009986294431778165,2.996320078683021,293.5406372057073,128.73589685385593,0.26737837196366315,0.7431530446852417
0.0009929735396639197,3.9996394965200253,202.84269969582272,129.82556211479212,0.31563195301529395,0.6840566760017961
0.001005065748142123,3.993075872744114,252.08590071552572,126.86566488664613,0.22240074227247,0.8111969174246201
0.0009991040704792912,3.9222368871490354,300.44112244625035,128.6538160476439,0.2931161203942339,0.7693672542197835
0.000989758770862262,5.976665783170531,199.96647946042532,125.72094293621838,0.2772934430655533,0.7288960663122767
0.0009961307532090412,5.999954295678831,249.82141351881262,128.5876021046259,0.29940864844459236,0.7670764579354334
0.0009929523732716535,6.108145127597916,297.90109534943946,127.84802108132084,0.28183795999290073,0.8000206950414042
