learning_rate,num_layers,num_nodes,batch_size,MAPE,MSE,R2
0.0005,4,350,128,53.68040991887965,1377126.2150391953,0.30981696642404444
