learning_rate,num_layers,num_nodes,batch_size,MAPE,MSE,R2
0.0005012656802707165,3.969040995150096,349.9153999353197,127.18450026833455,53.68574544469679,1370009.7876767786,0.31280759999987867
