learning_rate,num_layers,num_nodes,batch_size,MAPE,R2
0.001,3,200,128,0.06048685182733535,0.9855382837223953
0.001,3,250,128,0.05909467066631847,0.985465580368234
0.001,3,300,128,0.058808679848689815,0.9859221120047015
0.001,4,200,128,0.06790108768367054,0.9782181886599574
0.001,4,250,128,0.06799765019589414,0.9811629394604685
0.001,4,300,128,0.06915216002033941,0.983921570146726
0.001,6,200,128,0.0731483345643721,0.9787838232898936
0.001,6,250,128,0.06664756988061218,0.9808125788444798
0.001,6,300,128,0.07360743011375359,0.9811963711969587
