learning_rate,num_layers,num_nodes,batch_size,MAPE,R2
0.0009934166665091248,2.966458349187187,201.77770694592922,129.37288597290782,0.059996310653066064,1.0047566210694798
0.0010087550051916666,3.017676709805892,248.26177715968143,130.16153462694317,0.05959587631783852,0.9820304213900248
0.0010025269575030934,3.005162845621573,295.46422932585955,128.40337102976162,0.059865638087843655,0.9938737474734586
0.0009815311164718412,4.023042719726827,196.32666516333987,129.5037494320454,0.06815596156287532,0.9682132232079865
0.0010067232772110188,4.075810768381498,255.83318639764448,128.28624433782673,0.06797449138230154,0.9872423327463477
0.0009967485634794246,4.026065758821885,301.16815075896733,129.2366205933137,0.0689831844079749,0.9848453012792087
0.0009907767421443985,6.071584162145539,198.47738840086544,128.71921285883303,0.07362446063857588,0.9852779824485397
0.0009869961657734342,6.013255748212106,250.43949158652134,127.3974837788279,0.06639488226893017,0.9677982924992862
0.0009682998205652031,6.012644753546831,298.1214895854182,128.25419646769595,0.0729284577493165,0.9868201626988345
