learning_rate,num_layers,num_nodes,batch_size,MAPE_last_col,R2_last_col
0.001,3,200,128,0.2803184656642189,0.8595835959502054
0.001,3,250,128,0.3144770906380874,0.8504861563289675
0.001,3,300,128,0.24216092638296055,0.8642145617718643
0.001,4,200,128,0.24062288932605305,0.87072322613723
0.001,4,250,128,0.24039726495250444,0.8689909889451924
0.001,4,300,128,0.2641380930102871,0.8515852793056065
0.001,5,200,128,0.23569711242699207,0.8552917897520698
0.001,5,250,128,0.26673746739959653,0.8678885209563436
0.001,5,300,128,0.2724970310082024,0.8693420431439475
