learning_rate,num_layers,num_nodes,batch_size,MAPE,R2
0.001,3,200,128,0.06270918779551417,0.9795155826276423
0.001,3,250,128,0.0810554765059996,0.977139716857869
0.001,3,300,128,0.08112798352732933,0.9787906108594028
0.001,4,200,128,0.0700526940168928,0.9743329333552144
0.001,4,250,128,0.08204460607451329,0.9748547599724527
0.001,4,300,128,0.07261352661576674,0.9709038600499103
0.001,6,200,128,0.09483765190284822,0.9437619634548623
0.001,6,250,128,0.08185949168695143,0.9714335599237354
0.001,6,300,128,0.10029967608714546,0.9496180705280787
