learning_rate,num_layers,num_nodes,batch_size,MAPE,R2
0.0009986007679124566,3.0127937304502352,201.71993863925798,126.93394201553429,0.06219277105486047,0.9735186815133478
0.0010128950950965853,3.0007581787706736,250.6657300431552,127.45964636161922,0.08088931601413979,0.9813173284285039
0.0010141697463393671,2.996043442401446,302.3875256299483,128.35902290969088,0.08070887072274335,0.9877249389462223
0.0009925067266657608,3.9433998326499333,205.3539373560114,129.16285573692085,0.06955011879670503,0.9829518785195676
0.0010041301250215756,4.013517434174921,249.93488799321875,128.68614233173784,0.08179757177200062,0.9836086563754
0.0009871593948993255,3.962116994267349,300.31390161817376,126.86246007582056,0.07157606296400042,0.9885135649511605
0.0010065082156964647,5.931264117258833,196.02532530167662,126.00152117424776,0.09515113265991464,0.9344270426712361
0.0010012427770303828,5.984908992456932,249.62477170914633,128.47467861159137,0.08113535858041768,0.9732653254309696
0.0009937465681971302,5.9124022841884125,295.3673349992148,128.09486096710754,0.09943161853826317,0.9541075161463759
