learning_rate,num_layers,num_nodes,batch_size,MAPE_last_col,R2_last_col
0.0009956228628646027,2.9999758283319635,198.69358741080552,128.08667714621845,0.1533002235355996,0.941312804699956
0.0009758311311528963,3.0156708065478646,251.14232064213306,129.0058604965647,0.15318448799656048,0.9587340601417003
0.0010168747288936935,3.017504275648017,302.6767289846494,127.47856572227883,0.14999026612261276,0.9463791858058718
0.000990402587418715,3.988022581386485,200.72105594705457,128.55529103332736,0.18317108334800958,0.9567685294471144
0.0010099786216501026,3.966890788291653,247.30779328957138,128.70884032500882,0.152244314100506,0.9405283265146619
0.0010043328510804144,3.962744157910205,301.11299719604636,129.6038388917463,0.14225056754883786,0.9507306033217563
0.0009901247532429426,4.950131709762813,202.00266201032855,126.01225685786747,0.1475710079823394,0.9678570107904628
0.0010139091212324198,5.1030426930290105,251.56845759055892,127.60015738627105,0.15986347531041697,0.9754311431293695
0.000977825920484138,5.037130745670088,301.46983925656724,125.68345746660414,0.14269414042105846,0.9624240476371793
