learning_rate,num_layers,num_nodes,batch_size,MAPE,MSE,R2
0.001,6,200,128,88.16883076423761,2755422.700540063,-0.380952578982505
0.001,6,250,128,58.3381082622903,2978205.824992548,-0.4926062030185341
0.001,6,300,128,110.0280102572339,3987804.305507369,-0.9985930431249523
0.001,6,350,128,122.98040099207776,2018991.409912333,-0.011870662862538683
0.001,7,200,128,238.110926935823,5686423.576952991,-1.849900780102098
0.001,7,250,128,62.857888535408634,3667557.290376717,-0.8380928260913034
0.001,7,300,128,155.80740736554552,2486492.384435718,-0.24617107576048225
0.001,7,350,128,156.27034976064306,5854943.4523499515,-1.9343589492583693
