learning_rate,num_layers,num_nodes,batch_size,MAPE,MSE,R2
0.0009940218855513355,5.973260630182927,200.7713271150818,127.67770348544406,88.96698890732442,2733375.3143719505,-0.38206041297816695
0.0009983340120293224,6.077794810464734,250.0148598635706,127.54874884594648,58.33978749253661,3020991.848822025,-0.4824453544893176
0.0009864103074837636,5.9314487160698945,301.3320438816273,128.14271662111545,109.87754104989452,4000648.876251939,-0.991680963660028
0.0010016087132849283,6.028633872042943,344.2167442433987,128.1408276609232,121.52475512053732,2015655.4456932507,-0.011959605977076555
0.0009819599815651015,7.028766839763932,200.3792929083379,128.31596739242795,235.1365822439177,5706327.915144138,-1.8572144688896517
0.0009942446970339245,6.9398289569999845,253.22807285492226,129.234112602448,62.80948777562404,3694428.98688978,-0.830822360681666
0.0010051659397939993,6.944987800372072,298.41916640191175,127.32540473038462,156.03635189033284,2488739.9556313157,-0.24732767004604794
0.001008446410579645,7.056566363420908,346.7770084804507,131.69072722812754,155.509903373752,5777729.416068455,-1.9376379055012862
