learning_rate,num_layers,num_nodes,batch_size,MAPE_last_col,R2_last_col
0.0010221476240546653,3.0469189780111137,201.99747281151713,128.19335088221857,0.28000905819641514,0.8650919433294747
0.0009811549282472763,3.0281347684719244,251.0881926589688,127.15020217544598,0.23320967240539991,0.8752805022765452
0.0009961592761924775,3.04527087201534,293.41721719670807,127.94861876455674,0.22620513886941415,0.8677077349877566
0.0010125608000123292,4.0626226154948855,200.1873315420313,128.32743089322403,0.23972788387969687,0.877227789201985
0.000998187056040479,3.961350688755737,248.622858828573,127.8400097443429,0.23798522270148015,0.8616578689566754
0.001014946952319822,3.977049751895462,304.3560349974385,126.37611931354498,0.2336784528515063,0.8811943249457762
0.0009807552628091987,5.030940172296582,200.60146650926424,129.25805652077608,0.23638688195797775,0.8861381326653797
0.0010190726136285165,4.953046053171243,251.800543159941,129.07447723369893,0.22577958836345854,0.8864510651086903
0.0009925910674232624,4.967436019028875,298.5716299598949,127.26871646745582,0.2588223604359526,0.8770308028691726
