learning_rate,num_layers,num_nodes,batch_size,MAPE,R2
0.0004938124884018439,4.028883572365787,201.28828686872868,63.6675394807254,54.50504055142881,0.37887777061476235
0.0005023816836896078,3.995376177037021,202.02208136204723,126.33653282441654,45.9645332996502,0.549198360293908
0.0010080612262494662,3.9273486017496038,201.3186828539445,63.61098053837525,70.73484403895057,-0.11448452464749916
0.0009940873081171152,3.950502336746049,196.5137668271594,129.4604037886059,66.99975686830433,0.011290822822661983
