learning_rate,num_layers,num_nodes,batch_size,MAPE,R2
0.0005,4,200,64,53.688068179562606,0.38169456074284314
0.0005,4,200,128,45.54493986336984,0.5446885177236862
0.001,4,200,64,70.45252096617064,-0.11401577699071108
0.001,4,200,128,66.58669840969527,0.011339114478283507
