train_size,RMSE_wind,MAE_wind,,Sigma_wind,RMSE_solar,MAE_solar,,Sigma_solar,RMSE_load,MAE_load,,Sigma_load
288,0.081285032,0.03551708,,0.8944096,0.209356912,0.110995196,,0.97176695,0.198606223,0.16660982,,0.8566819
576,0.074757627,0.03333476,,0.8065653,0.179981996,0.12323095,,0.19575405,0.083497714,0.06680008,,0.20934075
1152,0.08539163,0.041656606,,0.9021878,0.232109116,0.14909175,,0.62141865,0.255237902,0.22943555,,0.29074797
1440,0.080982469,0.035429478,,0.90915287,0.156741995,0.092539445,,0.12960678,0.115603245,0.08689163,,0.04339342
2016,0.071860538,0.028238649,,0.9021792,0.103328617,0.059183888,,0.18371342,0.097512721,0.076759145,,0.10246486
2880,0.067556289,0.044654917,,0.80773276,0.207788916,0.1180202,,0.5877425,0.10699892,0.06859135,,0.20927837
4032,0.032549492,0.020551605,,0.3971367,0.083449923,0.05477444,,0.19861785,0.074736178,0.055007093,,0.046657514
