train_size,RMSE_wind,MAE_wind,R2_wind,Sigma_wind,RMSE_solar,MAE_solar,R2_solar,Sigma_solar,RMSE_load,MAE_load,R2_load,Sigma_load
288,0.08128503161146786,0.03551708,-0.27023589611053467,0.8944096,0.20935691178887975,0.110995196,-0.2918691635131836,0.97176695,0.1986062226179218,0.16660982,-2.01141095161438,0.8566819
576,0.07475762742017937,0.03333476,-0.07703578472137451,0.8065653,0.17998199586432573,0.12323095,0.14886772632598877,0.19575405,0.08349771386521139,0.06680008,0.46089571714401245,0.20934075
1152,0.08539163011271722,0.041656606,-0.30915677547454834,0.9021878,0.23210911584182903,0.14909175,-0.3967092037200928,0.62141865,0.2552379020117948,0.22943555,-3.8116822242736816,0.29074797
1440,0.08098246907555123,0.035429478,-0.1745007038116455,0.90915287,0.1567419948910386,0.092539445,0.41497790813446045,0.12960678,0.11560324451325996,0.08689163,0.05889129638671875,0.04339342
2016,0.0718605376807087,0.028238649,-0.09843766689300537,0.9021792,0.10332861688480373,0.059183888,0.7646182775497437,0.18371342,0.09751272144527202,0.076759145,0.27411675453186035,0.10246486
2880,0.06755628922108671,0.044654917,-1.870877742767334,0.80773276,0.2077889163754004,0.1180202,0.15421134233474731,0.5877425,0.1069989200826098,0.06859135,0.06021624803543091,0.20927837
4032,0.0325494918189037,0.020551605,0.23843270540237427,0.3971367,0.08344992258965843,0.05477444,0.8796699047088623,0.19861785,0.07473617807909334,0.055007093,0.4920714497566223,0.046657514
