Lookback,RMSE_wind,MAE_wind,,RMSE_solar,MAE_solar,,RMSE_load,MAE_load
24,0.034015226,0.020180807,,0.1298045,0.07902303,,0.093350788,0.072185676
48,0.035177022,0.021174894,,0.12260997,0.07574933,,0.09453795,0.076621842
72,0.035562424,0.019141979,,0.12137254,0.072517415,,0.091331185,0.071856306
96,0.037429684,0.021843698,,0.097442928,0.06393006,,0.090213259,0.074030666
120,0.039022776,0.022171851,,0.132056903,0.083595794,,0.098367531,0.077325655
144,0.0346293,0.023010149,,0.096925267,0.058796978,,0.081679242,0.06475208
