learning_rate,num_layers,num_nodes,batch_size,MAPE,R2
0.0009855785182164697,3.0354545126977635,201.64763866566227,126.77809386651893,0.2337399811012445,0.8059560673163184
0.0010170985828419484,2.9381383665077396,248.79075308624843,127.72234613396947,0.394740923897795,0.5113997612194696
0.0009937347798135302,2.99906397948405,298.3308865773175,128.32934086762387,0.32563668695381026,0.7125392119786264
0.0009896284349167914,3.9432891712890403,198.3624624270896,129.37212809624788,0.26754346343831475,0.7854706257510674
0.0009991622366077443,4.0266909445832715,249.1658359048086,127.54287846396858,0.331450161645084,0.7000950822889223
0.0010053927444438155,4.011090230200456,305.48265935525296,126.91470526338006,0.31616975755259474,0.7205622251059989
0.0010041308779125226,5.894994576651542,197.93245471344892,128.1822783622019,0.31674175674444055,0.7434443077041848
0.0010126462820293685,6.028786980630411,250.41500772674593,128.97501327764758,0.27950356439934293,0.8025564907253204
0.0009997022751229588,6.087903489132522,302.8698920741626,129.98533464870508,0.3434462289826129,0.6927854066550427
