train_size,RMSE_wind,MAE_wind,R2_wind,RMSE_solar,MAE_solar,R2_solar,RMSE_load,MAE_load,R2_load
288,0.09705262133833516,0.05979623619686743,-0.8108302245074548,0.2257758203120332,0.13525719209154316,-0.5024455832614481,0.29670078221884577,0.26107969245408275,-5.720811935439516
576,0.08371038261690175,0.04617916032033946,-0.35044766760275037,0.20763997412258164,0.16757722183525575,-0.13282001791309472,0.15770052339758606,0.1256770258761772,-0.9230470780508067
1152,0.08340537841950871,0.04143336149768521,-0.24896179696144216,0.1624848265468398,0.11714399011070853,0.3155413480358007,0.19080118388748546,0.15802303914594543,-1.688863413841692
1440,0.08000375535306455,0.04395835267893751,-0.14628325353200666,0.13471585524849275,0.09945865168807025,0.5678456353619037,0.20130149558427565,0.16465545602829984,-1.85360444751303
2016,0.06935936083501615,0.0291375146207177,-0.023304031610614118,0.11753404127327284,0.08355731845364407,0.695449828958425,0.11921695527204362,0.10132662775381038,-0.08497636504888506
2880,0.03759373955119213,0.02456147592740861,0.11097449567903028,0.1552506923333519,0.10070056386332614,0.5278454542658404,0.08048335236875416,0.060238922391048715,0.46828204921059535
4032,0.03628431571761182,0.022928860728398084,0.05363689295610874,0.12760206091051957,0.08259441078026544,0.7186558975916837,0.07901987126587937,0.06341376910445154,0.4321763390936243
