learning_rate,num_layers,num_nodes,batch_size,MAPE_1,R2_1,MAPE_2,R2_2
0.0010122501210611326,2.9782171849183627,202.78648504897595,130.14316050838232,0.5022068903177057,0.6202159905269519,0.10481471885203825,0.9656009403324642
0.0010071508241482263,3.0248232795331504,248.18460498910088,128.05324769031344,0.4437528357756188,0.6064576142649964,0.11518527474338873,0.9892550457140112
0.000993787929509495,3.0014128167104346,298.56899898240306,130.13297326566104,0.46591613851872754,0.6356873902272687,0.09890280695803264,0.9617637520255695
0.0009948590845144229,3.974690047696932,199.0010440383523,128.1771910652255,0.42563504954035697,0.6314451770176598,0.1288588268861232,0.9575125598412784
0.0010037319266323194,3.9535622285087446,249.4103906186237,127.59982330869259,0.4601353074313922,0.6292823423054584,0.11902874019796439,0.954877782528163
0.0009901632455293168,4.004343223722002,308.3775273011043,128.22882391328616,0.40292394577174834,0.6359360547635272,0.10959916501284332,0.9690334403228776
0.0009959462555328362,4.94506031106383,201.5163493526182,125.74393582792385,0.4058232433838279,0.6448651441142802,0.15165182465325666,0.95446006712188
0.0009872194856581904,4.929410918020166,252.59997908166707,129.68217799093694,0.3647371559276409,0.6146920748259398,0.12963243331768898,0.96541071645916
0.0009965613551996585,5.014406987276423,302.24878944557645,125.70956099929528,0.4882972489554539,0.6259760667159333,0.12167176000956259,0.9843977592046408
