learning_rate,num_layers,num_nodes,batch_size,MAPE,R2
0.0009989741484676157,2.955225174288587,195.48384292086004,127.13169169495387,0.23004607900248075,0.8023893373401628
0.001021038718313573,2.921605702728356,248.9762646951171,129.2268893511138,0.39643484420391434,0.5139144176838161
0.0009941072324414209,2.986934986277522,304.56403498585405,125.38780000362331,0.31730798557499035,0.7171017416127314
0.0009899534881086898,4.024174714039041,198.2515331273494,129.29892546986335,0.2699744647651658,0.7708989701445285
0.0009971034920646805,3.9754146533596404,250.15407008287423,129.32278960886305,0.3378734371510271,0.6949320757115608
0.0009948768081426444,4.030437580767291,300.56563508788884,127.15167803915656,0.3101382165005429,0.7114475443338987
0.0010037535182095324,6.111457220336978,199.77461107793627,130.18133424453922,0.3224571956429943,0.7448960562262628
0.0009912305670299756,6.019033790377444,246.58797652926873,128.83771256089653,0.28197183514295354,0.7978401777570019
0.0009977706082424443,6.062918752002654,299.3776440533446,128.29957216257247,0.34086759271409844,0.6979530124792804
