learning_rate,num_layers,num_nodes,batch_size,MAPE,R2
0.001,3,200,128,0.23375223897903916,0.8126753272696776
0.001,3,250,128,0.3933990943379124,0.5092658398576544
0.001,3,300,128,0.3225053674479974,0.7089940262121915
0.001,4,200,128,0.2712145390399932,0.7816541407150052
0.001,4,250,128,0.3371569226468529,0.7035650087472041
0.001,4,300,128,0.3142250733537211,0.7246225041655396
0.001,6,200,128,0.32195894341777315,0.7470016119207997
0.001,6,250,128,0.2835693524700374,0.8048895979029135
0.001,6,300,128,0.34280455932325465,0.6947761460380231
