learning_rate,num_layers,num_nodes,batch_size,MAPE,R2
0.001,3,200,128,0.07688762140115823,0.9281460872822006
0.001,3,250,128,0.07174154147430495,0.9314103582755677
0.001,3,300,128,0.0804016082708824,0.9301773010804468
0.001,4,200,128,0.08016080890350655,0.9092720353769074
0.001,4,250,128,0.08621022018455651,0.9250046495109387
0.001,4,300,128,0.07656131143236139,0.9251415955125464
0.001,6,200,128,0.08206443752590407,0.9136065998043967
0.001,6,250,128,0.0850738353271525,0.9146540546712423
0.001,6,300,128,0.07281920490447345,0.9207759933880125
