learning_rate,num_layers,num_nodes,batch_size,MAPE,R2
0.0010126345737554482,3.0198520931274935,198.68548075281035,129.62653468836166,0.07627091231204688,0.9354095959280394
0.0010044273514505102,2.9956626217164666,252.707166578324,127.74808866113662,0.07264386165020797,0.9324524645283652
0.001003796156253805,3.0043272781855372,298.77532862117545,127.36304128221481,0.08017872826819201,0.9360568472627133
0.0010065857690083383,4.0345886895052265,201.92849427218567,125.91341739716705,0.08126039209207714,0.9012845601506447
0.0009938328527855419,3.9337471045823578,249.3221186098382,128.32957470186892,0.08666954693616556,0.9336710567405759
0.0009971580940659392,4.019689584054657,300.2703996490956,129.08037328553831,0.07644558540825214,0.931743921030865
0.000990345966454063,5.944609676098279,197.86464899561625,127.71576526395123,0.0819194336528349,0.9092544664560324
0.000999348906400502,6.048775083566364,252.19655695369235,129.24114733788053,0.08517502902882566,0.9164273434439407
0.0010168867982893075,6.004058456024906,304.0978304759615,127.19644111384855,0.0738142853771456,0.9334833842773146
