learning_rate,num_layers,num_nodes,batch_size,MAPE_last_col,R2_last_col
0.0009953338610463975,3.026423224235382,197.53838718557205,129.91938491509333,0.7171625608154581,0.4515763504819279
0.0009944207656481447,3.002505732220156,247.71016429086978,127.80849649997157,0.6971507060057239,0.4578016754463357
0.0009838347789445836,3.0510055032310865,304.1695009880934,127.90251995032722,0.6798178377198554,0.43625974396417433
0.0009883181035061338,3.976781199000827,199.26189966270542,129.51208324450323,0.72149818389757,0.4445131468257518
0.0009720172764470066,3.9778556308223605,252.9977293748045,127.44819953951429,0.6941854446881933,0.4468923344525697
0.0009934774166711047,4.037237079462668,297.4748534508388,129.23598514195888,0.6150544123861685,0.47591546314433747
0.0010093939700181625,4.997490915009755,203.7183022935271,125.90738946751179,0.5905538571584749,0.46856578992034476
0.0010010850262818125,4.921240130643562,248.6388001879776,128.47692484233698,0.6160827448213864,0.47067516996036457
0.0009964739289924692,4.943916822329814,298.9844907819918,127.12654903622526,0.6321428571991412,0.43586561587804
