learning_rate,num_layers,num_nodes,batch_size,MAPE,R2
0.001,3,200,128,0.24712107635925362,0.856882577588669
0.001,3,250,128,0.2739191199645434,0.8860820361701763
0.001,3,300,128,0.268963325965917,0.8776121598264024
0.001,4,200,128,0.17990188274530236,0.9120725769234829
0.001,4,250,128,0.36683740365854944,0.8522150660071698
0.001,4,300,128,0.3440007734012577,0.859036397370834
0.001,6,200,128,0.4432035578354533,0.8281773351329386
0.001,6,250,128,0.4839741009459356,0.809161634371844
0.001,6,300,128,0.2620736763114931,0.8744070066259136
