learning_rate,num_layers,num_nodes,batch_size,MAPE,R2
0.0009900042402755948,2.9849481295049705,196.4219997241783,128.14771301785208,0.24846003152345394,0.8571384958501983
0.000995313824713489,3.0163186045139043,248.50143940373283,126.92535907430522,0.27431879631947415,0.8957558151817283
0.0010121264528121898,3.00818151773898,299.3375488380241,127.59627874895315,0.2678281963419697,0.8816361961653368
0.0009906259774613538,3.9281411523710457,200.17108657780855,127.58174727148328,0.17791728462916126,0.8988958167071114
0.0010028364658894345,4.024143055010526,251.83701471997378,127.56889645718226,0.3722640365755941,0.857694748477637
0.001004549497389638,3.9655587005498028,301.509242885152,127.46446803583576,0.3475400023703114,0.8672090271558319
0.0009961174087266746,5.964412759278515,198.46104619429744,128.87281483929144,0.44467461076616216,0.8300377790909607
0.0010122361681910185,5.963365362519493,247.24932852175553,127.1638592126083,0.476095604222945,0.8120936767636666
0.0009971272740105122,5.977037059175232,298.625029537938,128.79190016246832,0.2643513946862529,0.8647755816861339
