learning_rate,num_layers,num_nodes,batch_size,MAPE_last_col,R2_last_col
0.0010050627545285147,3.037112547024286,202.17639040158042,129.97064871379638,0.5087529024469275,0.6437512558231261
0.0009972889262664802,2.9385338418639537,250.32653355209985,125.40719688466004,0.46114743293751,0.6486544130849906
0.001008026413723175,2.9891963275558715,299.8279914243874,128.3872753548786,0.5213696712022491,0.6381635344256243
0.001030610535511654,3.9907800831773703,202.2602081666315,127.93353621489632,0.5492897027926373,0.6540058608778181
0.0009923089744458106,4.009639435671803,248.47440894871093,128.02338450160084,0.4107701254770233,0.6445836054880847
0.0009853575700848815,4.086470428983968,299.157440312414,128.56666766390077,0.45766087776459374,0.6615458154519926
0.001002587589639341,4.951139025216157,199.597076756855,126.36894301403107,0.4361400640331894,0.6640801607744974
0.0010087406316479212,5.122701332709588,251.4708473470449,127.0304550572543,0.42319163221276285,0.6493223634302688
0.0010149695868427564,5.009476328234832,298.78333024025306,128.53575821959916,0.48485683715235955,0.6553419608826937
