learning_rate,num_layers,num_nodes,batch_size,MAPE_1,R2_1,MAPE_2,R2_2
0.0009917546589566426,3.0226569717870913,197.07618731186426,128.05036981145105,0.5233751994883571,0.30113813476559065,0.4129369093323433,0.7374692659270166
0.0009929254617286067,3.041393611596202,250.50243513895356,128.48072936478573,0.5435292491601375,0.41703130527496,0.37840449534701603,0.7460274366202181
0.0009941308136162449,3.000409928139066,302.68764948205666,128.64132383408645,0.5384066252885678,0.39211811379790734,0.3678114415577697,0.7678626242425571
0.0009956667082431211,4.0407860387431915,198.93711968920041,127.02739864623202,0.56505090525604,0.4189495900374459,0.33537664854124555,0.7628656591971014
0.0009991537226435765,4.023499993612851,250.82169063978878,127.18307049648244,0.5368427245597,0.4453693730850603,0.36282618703691016,0.7504321179636176
0.0010048285996994413,3.9961509113654112,300.17045898324676,128.0632011044103,0.5018010443320589,0.36384757063301115,0.37511027411233233,0.7491610503428053
0.000993847358533313,4.972685292456917,202.5545603866236,129.04618147180165,0.5311837029248395,0.4058462894999451,0.3425551864288162,0.7527063813510997
0.0010032785222589703,5.014223695489576,247.73978619330805,129.05384116247245,0.5105817247094963,0.349826283163968,0.4049629030027227,0.7405660198347332
0.0010056290258669226,5.038325752612415,300.67547201772476,129.64545366939058,0.48556637216110327,0.3945560924102946,0.37227729027235335,0.7575667532941494
