learning_rate,num_layers,num_nodes,batch_size,MAPE,R2
0.0005081684710086567,2.9856573224423113,198.07719692778278,16.08069711353256,227.1863261527097,-6.101592785110211
0.0005048936149306689,2.9383673334563922,201.8006846565804,128.7627466887424,282.93948094850685,-7.535821812780014
0.0005039209351065507,4.043942770809956,195.82456844407608,15.997475646654236,280.83377577404843,-7.311280545887918
0.0004899371438158684,4.025805270084298,201.85244103767388,129.7154573373956,288.7873458192129,-7.451113554778241
