learning_rate,num_layers,num_nodes,batch_size,MAPE,R2
0.0005,3,200,16,228.6256083715382,-6.122989995542083
0.0005,3,200,128,283.6459647709766,-7.371334104712085
0.0005,4,200,16,283.72928208124574,-7.374003908259384
0.0005,4,200,128,283.826987691986,-7.377635487013862
