learning_rate,num_layers,num_nodes,batch_size,MAPE,R2
0.001,3,200,16,276.17910850707943,-7.107013468287917
0.001,3,200,32,250.11157795720663,-6.388565956119878
0.001,3,250,16,283.8253518050456,-7.377573895160104
0.001,3,250,32,283.379500554169,-7.3618380721896965
0.001,4,200,16,218.95459599211313,-6.0689690308090505
0.001,4,200,32,283.826987691986,-7.377635487013862
0.001,4,250,16,283.826987691986,-7.377635487013862
0.001,4,250,32,283.826987691986,-7.377635487013862
