learning_rate,num_layers,num_nodes,batch_size,MAPE,R2
0.0010052205636927427,2.980872982670762,197.5919272890275,15.71144402687049,276.0613341361257,-7.076006012410054
0.0010029795734464615,2.982260477421544,201.09707891887012,31.679199934076713,250.9843023286054,-6.370021511910635
0.0009978357487634808,2.9795583154811602,252.07957423979485,15.930804925343077,287.4309420076641,-7.287933312385732
0.000981922532242992,3.0408445633811683,256.6683540949973,31.634178013454218,284.4600950969177,-7.388725638438915
0.0010166536300742946,4.026948640884757,201.27112452901505,16.252342790202274,221.5301244748672,-6.182354656674476
0.0010040393242595463,4.025311775630384,200.36688976569593,31.90283739846757,285.4298052841678,-7.450835088746512
0.0010088584443348851,4.039472209550605,248.52353724286266,16.046007362637333,285.52373044254375,-7.322777491428032
0.000991495129363557,4.033832795795216,249.14060383048178,32.06117856558616,283.8190302356723,-7.257613930524221
