learning_rate,num_layers,num_nodes,batch_size,MAPE,R2,MAPE2,R22
0.0004978317751127452,5.01355039495982,201.11385322659268,64.03935200052135,55.05716704984213,0.2917703785294215,106.38222523599042,-0.38502241032238604
0.0005032969530519038,5.099663626234643,200.05256640577812,127.47196595827496,41.90453149296976,0.4591145917137965,73.0491781673931,-0.154300508472614
0.0005017220748277137,4.997714361150724,249.52527539514222,62.896312412008754,41.441869192106374,0.3722993010833835,69.30973659528559,-0.15110305558730644
0.0004992752993089278,4.98575155510624,253.3127148661769,128.19776891128848,49.53716175387819,0.4608216944899237,99.12098538352197,-0.22424663958114124
0.00099981786356661,4.936305333094284,202.65251457985752,64.33219929333217,51.28393985461263,0.1735728121129785,98.36251862454465,-0.24848872518199064
0.0010190972724008068,5.1044509346943,199.35863273033888,128.29635975958334,43.0194557501739,0.34352042763747326,74.14914817074305,-0.20281610537431255
0.0010136093634218915,5.0540914953034735,251.14454656568603,63.88932658164984,44.99700838314663,0.3613655674543296,79.09348852450726,-0.1754241670062326
0.0009907940890104127,4.97508208693077,249.60655694904776,128.5372561575781,47.434534961484445,0.33768711162915455,86.34961942167759,-0.2793643587501319
