learning_rate,num_layers,num_nodes,batch_size,MAPE,R2,MAPE2,R22
0.0005,5,200,64,54.94529405400994,0.2902620220881994,105.57725942042178,-0.3887228477847793
0.0005,5,200,128,42.181373814138155,0.45516541466521476,73.2253913426423,-0.15639040964803108
0.0005,5,250,64,41.76277743374874,0.36755296530992165,69.74662415785816,-0.15110387908204004
0.0005,5,250,128,49.22697046333963,0.45668096099724764,97.72064305828962,-0.22674374844863232
0.001,5,200,64,52.37168436739225,0.17443767634997742,99.41677236510378,-0.2520717493879563
0.001,5,200,128,42.72907842825619,0.3462542129924565,74.25324436862792,-0.20903967709251137
0.001,5,250,64,44.845519066641856,0.3635378473985508,79.09424860782586,-0.17530976399572862
0.001,5,250,128,47.134117838421616,0.340221175507478,87.65383651385548,-0.2770965564908652
