learning_rate,num_layers,num_nodes,batch_size,MAPE,R2,MAPE2,R22
0.0005,5,300,128,42.55687966274244,0.45397046376651173,74.12280543651738,-0.1925411027335775
0.001,5,300,128,40.90499244802009,0.4899960474847359,72.80308229072095,-0.17879725818594294
