learning_rate,num_layers,num_nodes,batch_size,MAPE,R2,MAPE2,R22
0.0004982688900476981,5.035038578046697,293.9199273207417,128.93598282688149,42.79014575222092,0.4499499724542647,76.12068304767784,-0.19111077338171198
0.001007123810085783,5.024770031250111,303.5695191876281,127.05242781753073,40.52200176466455,0.49389362303698925,72.70673510599087,-0.17857444806203235
