learning_rate,num_layers,num_nodes,batch_size,MAPE,R2
0.001,3,200,128,0.44322943276171445,-0.19634732432456836
0.001,3,250,128,0.30044757924339177,0.6861560781097815
0.001,3,300,128,0.2366284597447761,0.4844448686765057
0.001,4,200,128,0.38830532471162593,-0.7403690835321006
0.001,4,250,128,0.20596624145772127,0.8614058797939496
0.001,4,300,128,0.1965638340517695,0.83752930081485
0.001,6,200,128,0.11364776302845539,0.8340073602791865
0.001,6,250,128,0.2782782676894669,0.5594696683042379
0.001,6,300,128,0.1889263038681974,0.7591825553278024
