learning_rate,num_layers,num_nodes,batch_size,MAPE,R2
0.0009972382664730983,3.037095668668439,196.9220006035309,129.40648538508123,0.4394687196297521,-0.19753143859126812
0.0010134334337303108,2.9888833636608942,250.56877551312712,128.18825341601178,0.2978636731511321,0.6769278239452865
0.0009893249585540068,3.024466887182503,303.5573476652612,127.29824927039824,0.23222667869037608,0.48441816375788693
0.001002521897217812,4.039426177806085,198.46233265092386,128.19286884836748,0.391168893508287,-0.7494096823955221
0.0009994293703442009,4.000090081479973,251.16864940775426,127.72970030409253,0.20526605903574952,0.8651830653242202
0.0009843467115402387,3.9555861113209803,300.4739931343282,126.82581906436705,0.19630750364110996,0.8333138638316914
0.0010108909754530093,6.012291494622739,199.6180684253572,128.74074920715418,0.11178398953226025,0.8340413365655154
0.0009895206622624862,6.0159773302718,250.85687514380857,129.23232773248063,0.28173760631371675,0.5656742593112528
0.0009981537024664703,5.925810098992881,299.62299398494486,129.05037878854557,0.18907041576382674,0.7572421421138746
