learning_rate,num_layers,num_nodes,batch_size,MAPE,R2
0.000499911566733138,2.9964954968618915,150.78203040746334,63.679719358227345,80.6231920225206,-0.6825012148947833
0.0004994364813524987,3.0371094552587325,149.5077564211065,128.424896257637,68.89508721234907,-0.33559735779402067
0.0004987436470807634,3.0110115391284857,199.50708624039086,63.51332376874476,66.72769337453335,-0.18643923376692928
0.0004904893226548154,3.002789174319453,199.75977646215975,124.17755003189157,59.26103565857927,0.12309830112865369
0.00098080429527325,3.0310524270418733,150.28673735554514,63.2525658171031,83.49790040708628,-1.1038344692848214
0.00097908811745798,2.9489418001259375,150.68796095757654,127.96602995891229,74.34291013438681,-0.22325135935183546
0.0010014233854025124,2.991369654279878,201.68913978301796,64.50858723354419,79.21060471275557,-0.3701115782974375
0.000985626785340215,3.042168919056419,198.20022704859633,127.75157504743693,42.28313647743328,0.3948669166315097
