learning_rate,num_layers,num_nodes,batch_size,MAPE,R2
0.0010063418656976388,2.9922603532388683,152.03879524390186,126.7763369409201,54.36048987769737,0.13656944014017733
0.0010091219058411115,3.0058713241160753,170.43843991838622,128.080361788729,73.7410573541541,-0.24118489148600883
0.0009853171893390385,3.9622134498196826,150.18737397891726,128.72102594245447,53.04833580437862,0.2954472632912197
0.000996755139037794,4.0458842655080245,175.62281710467641,127.566039221748,54.62360992491502,0.15994434462971974
