learning_rate,num_layers,num_nodes,batch_size,MAPE,R2
0.001,3,200,128,0.17156625066070966,0.871481199579727
0.001,3,250,128,0.2369105323539659,0.7159288868833018
0.001,3,300,128,0.2705741200797251,0.7475169289791495
0.001,4,200,128,0.3161442359787082,0.6883425091856907
0.001,4,250,128,0.2191731671061796,0.8019021471588517
0.001,4,300,128,0.29296584622848204,0.7626489822432434
0.001,6,200,128,0.27539398096067563,0.7322425577112672
0.001,6,250,128,0.29760680182933397,0.7699454798406598
0.001,6,300,128,0.2822453237931421,0.8026835251757964
