learning_rate,num_layers,num_nodes,batch_size,MAPE,R2
0.0009996213950534015,2.9878277062230802,202.29003185564736,127.0999715292184,0.1701089834866226,0.8711893832925872
0.0009955940891965588,2.996390082695461,245.86315185535778,125.79921275792103,0.23238230120216855,0.713199796882852
0.000979870196152041,3.0212940234516306,302.8748407647561,129.0424265652501,0.2713709156978983,0.7434425206430456
0.0010091436173642256,4.011152758335821,201.6547834451857,128.24542241808146,0.31593432272631866,0.6795789784027232
0.0010097292680825442,4.019807552158615,248.97027386083371,128.23707543358472,0.22006052861878883,0.8097432523719534
0.0010035653622631128,3.9895178535429277,297.2816367351473,128.9161797609057,0.29315639132756416,0.7600759194676038
0.0009920055690046579,6.073444976459827,196.89255898611233,127.22293252788683,0.27837851077951653,0.7361819488392026
0.0010057629328406163,6.031294703875596,252.01208480866003,126.17500132993924,0.2919104789441893,0.7789212123207039
0.000999319501824044,6.067480355251225,298.7120026928483,126.42556623920638,0.283557017679024,0.8081622732654894
