learning_rate,num_layers,num_nodes,batch_size,MAPE,R2
0.0010067518726459682,3.0167273725795534,197.14304386219527,128.06983583838465,0.07612596018397602,0.938977712507731
0.001001752264133336,2.954431714472133,249.29948267387354,127.84281088167883,0.07178079989299169,0.9253327228648653
0.0009960189053625967,2.9700184870767177,304.49010649157293,126.91788658615665,0.08041168614563636,0.9299892694660963
0.0010013035679698312,4.007581850199306,204.08626680174484,128.4014557510142,0.08053671284543311,0.8906778414524263
0.0010014892792920703,3.9535499910242753,247.9173864927259,127.4195333143012,0.08635038581156008,0.9109618190828906
0.000997873923236275,4.014674474598289,298.8154755550722,130.08153799468437,0.07510118203033558,0.9203488901434542
0.0010022163987381716,6.057722757027989,201.43907069139397,128.64101278676628,0.08269534625876651,0.9217574466304297
0.0010152366756371782,6.020344544678801,251.08695500212423,127.10364552618549,0.08613473334811529,0.9106886816091218
0.001010318896836524,5.989125303141556,297.7093587454132,127.27016780608642,0.07176662399327219,0.9294993745118751
