learning_rate,num_layers,num_nodes,batch_size,MAPE,R2
0.001009907069008689,2.9833115364467933,203.33028061791086,125.90369338343417,0.06106985180907317,1.003350492877086
0.000991456415687116,2.996366301165905,250.63935253071799,126.38090109151673,0.05870118356836558,0.9871455141160447
0.0010030494037628758,3.010157438086583,301.8487852865483,128.47482807849323,0.05846389038189552,0.9751058709279428
0.00099690267056814,4.049664112016217,202.93964348740224,127.89576191642243,0.06790283597358425,0.9799798430593125
0.0009986755631705914,3.986989816214133,249.21165761374925,127.25816674581687,0.06870964748180708,0.9862518036687469
0.0009857581158116478,3.970768618488167,302.12198091065795,126.90007101699466,0.06885310542392215,0.9712776356999661
0.0010038208353680908,6.013609869502785,202.6818062528476,130.16114511825597,0.07414154943588715,0.9764036740583094
0.001010022529015357,5.964984724160759,252.41885576881918,129.06819984088247,0.06522024340863974,0.9773680740073301
0.0010112572237917401,6.0808436848711525,303.84796603107003,128.94262517699104,0.07353913552927133,0.979784252498601
