learning_rate,num_layers,num_nodes,batch_size,MAPE,R2
0.000496302191822462,3.0354421387944828,250.05596603411334,64.30978760254814,9.6013411232935,0.9778518521587058
0.0005031195588137271,3.026257408736666,243.3255729704276,127.92968721341977,8.177689340943061,0.9707212435399478
0.0009850943717080586,3.0053107354012596,249.67089134007668,63.924707010458256,10.968554595511991,0.9364760405344754
0.0009998176399330884,2.9921944995167737,250.09758994007143,127.66624436542091,8.493764100443784,0.9606746777159262
