learning_rate,num_layers,num_nodes,batch_size,MAPE,R2
0.0005,3,200,64,39.784353216829984,0.7703177365816931
0.0005,3,200,128,48.61771041547392,0.6562098325555532
0.001,3,200,64,35.28630453477372,0.7220283041627837
0.001,3,200,128,37.100493812120696,0.7463394437789688
