learning_rate,num_layers,num_nodes,batch_size,MAPE,R2
0.0005021379590328689,2.9912883653368083,198.75883908478787,65.28074977152058,40.38801366611815,0.773840006136047
0.0004995078557915298,3.0612517942024318,198.39016597014935,130.58845098740332,47.91980616432975,0.6612494781678071
0.0010014735811813803,3.0547306393879996,199.72472689369553,63.309729727185825,35.20411313849302,0.7254026556078949
0.001004861926293987,3.0313464954231377,197.150033082115,125.98619875816287,37.097137848755324,0.7365224988371974
