learning_rate,num_layers,num_nodes,batch_size,MAPE_1,R2_1,MAPE_2,R2_2
0.001,3,200,128,0.5024244443558128,0.6064121195114127,0.1046650232328656,0.9706365907238885
0.001,3,250,128,0.44417403568349895,0.613916199108298,0.11295597075115997,0.9741466511851803
0.001,3,300,128,0.4638939787873185,0.6372314639173668,0.0982584745601093,0.9751781971346316
0.001,4,200,128,0.42802334796678504,0.626193719224015,0.13048410007935052,0.9725022657838858
0.001,4,250,128,0.4576243501495346,0.6262912426228938,0.11990609007277839,0.9666827757630814
0.001,4,300,128,0.4100762274694844,0.6408738072714556,0.11082386166011052,0.9722570287475896
0.001,5,200,128,0.4048350910956825,0.6397784757683602,0.15203981648855622,0.9697231967811809
0.001,5,250,128,0.3670369375930868,0.6116834286989083,0.12947147529010053,0.9691430120983621
0.001,5,300,128,0.49105526802424176,0.6256072238148584,0.12108332004429079,0.9717134533679533
