learning_rate,num_layers,num_nodes,batch_size,MAPE_1,R2_1,MAPE_2,R2_2
0.0009853474821746515,2.9862982733597354,201.51681510169325,128.84639598972785,0.5010521903080821,0.6185941258729457,0.10480134305079732,0.982233363508329
0.0010094697483115532,2.9704359021492452,249.69320357939267,131.02937233079737,0.4480236417974909,0.6138265804829269,0.11353515469328501,0.9621400310649909
0.0009887115490879663,3.005698639224338,302.3072708910471,128.74491835880576,0.4763841424950517,0.6454929937625017,0.09797405723261983,0.9886724790677316
0.00099554396577793,4.005146535727309,198.9650434223713,129.0162456155749,0.4304495700325436,0.619979602031746,0.12843945390857334,0.9653870020068341
0.0010171873436935286,4.009572495790217,250.03460342580564,129.9648663004154,0.45938627378257185,0.6305054277923678,0.11931278043082874,0.9726782610394489
0.0009997883597323504,4.120483097754544,297.73166703352246,129.90377195972627,0.4123449205023923,0.644873480148207,0.1104233725404775,0.9681586446181921
0.000977301310680657,5.081748686402186,199.19880764607782,128.55874961496994,0.40317231040753376,0.6466281007484678,0.15235089410710353,0.9621583585549396
0.0010025545772015692,4.959600015362319,254.39104754362427,127.09732228907265,0.3653488807992997,0.6129471587411058,0.1307379196796232,0.9563418284260421
0.0010033910842818766,4.922432644685689,301.54304214203006,128.8019539837909,0.4949595588709022,0.6346452990985691,0.12034581893399011,0.9620917084496414
