learning_rate,num_layers,num_nodes,batch_size,MAPE,R2
0.000986940760483699,3.0301398994175908,200.6855158864946,127.88883215971119,175.69448167560012,-26372.747615165186
0.0009891980026243646,2.992147049986881,248.51639206458285,124.88936923560145,21.331641210303122,-502.4559626086068
0.00099961274472586,3.07491693517823,303.43245863552033,130.05241559388273,97.91547694013741,-6294.1765255994405
0.0010141158106299394,3.973224630390874,197.8417805600883,128.08817849603494,162.70440764982746,-22470.47641324442
0.0010048146643025053,3.978721536840501,247.66815545923905,129.63308908329074,57.38251400319859,-2557.9255886054793
0.0010178690876378154,3.972345992318768,296.61630116976545,128.47642810692236,27.387914346501603,-654.4263520135623
0.0009936976371181514,6.023880498896148,197.9001742858602,127.32481148246137,10.133114250932966,-64.20869327929945
0.00099366169892863,6.12744075207985,250.07261762834852,127.13769218455677,45.02159863081311,-1434.6921884754504
0.0010024121499102112,6.016501897464042,298.0787888877143,128.38193381976936,15.852505773041596,-160.37550045676952
