learning_rate,num_layers,num_nodes,batch_size,MAPE_last_col,R2_last_col
0.0010093504185025844,2.986838176298831,197.7494895270991,127.68221153552963,0.42384583457100816,0.7602488038458036
0.000991584763391702,3.0282178433473828,249.69971758756728,126.24269365604547,0.37322818261658924,0.7538301812349503
0.0010084311466271333,2.985580758998277,306.7696862048146,127.16577049605942,0.3656510470551998,0.758173169781739
0.0009879323999030265,3.958319672460571,197.45420962676326,125.84968481890732,0.38333586070930814,0.7848843171440039
0.0010162981532401152,4.008830366704377,249.38124419294843,127.86384383003971,0.34740642713431674,0.7616703519925073
0.001002643874737651,3.990676217521609,300.97368095209634,127.58800348425673,0.38497843446143587,0.7713439457810426
0.0010007775472440186,5.094330276080529,200.66881142036277,128.28164029037245,0.36532058223235536,0.8069197539075483
0.0010133327127778743,5.067764924146522,250.98645908548139,127.72856986231413,0.42493889774437604,0.7662699279868199
0.0010179644264536542,4.986213676172651,298.3613797826334,127.55218199177855,0.3922291448894859,0.7753839685546641
