learning_rate,num_layers,num_nodes,batch_size,MAPE,R2
0.0004943988635226788,3.0185841131108675,197.36306588781136,63.93944215676812,9.161946471978572,0.9395616601478628
0.0005076137680724898,3.0411015844432425,202.1843320355872,128.75022796092233,7.160464725242716,0.9495775252047467
0.001012423217186355,2.9525865878161457,199.91552370134076,63.921353246568856,9.612670921384318,0.9214265084621436
0.0010081839212340562,3.053537919662779,198.25928700407476,127.8219235675523,8.673498622832573,0.9359101876811423
