learning_rate,num_layers,num_nodes,batch_size,MAPE,MSE,R2
0.0005027834909271706,5.002237015119448,200.70999389647233,63.207739344134275,89.60986992872414,2368404.773927782,-0.1880257871985587
0.0004959920617951488,5.0186132355451,199.46561387561732,127.42630320492678,68.90896630285413,1800947.4577668917,0.10070041862822633
