learning_rate,num_layers,num_nodes,batch_size,MAPE,MSE,R2
0.0005,5,200,64,88.46137228143745,2372556.3072809856,-0.18906901314223545
0.0005,5,200,128,69.4096452013927,1790627.086995929,0.10258012561982044
