learning_rate,num_layers,num_nodes,batch_size,MAPE,MSE,R2
0.0005022873690800223,4.95582229432829,250.79782075231353,128.36139180048696,66.08179157689572,1720835.10101219,0.1406033358577029
0.00049847003787769,4.994672328140957,296.77154701674306,128.5130825730581,66.45121992952355,1648248.634894056,0.18407484214811243
0.000993621192672309,4.973361189188767,252.92068350761332,127.57052190588489,59.847108107517336,1676485.3547745547,0.15694286351774406
0.0010188198339204186,5.035848525240199,297.6602538857697,129.3110013404684,58.820408014420394,1719543.5905374861,0.13350960898047165
