learning_rate,num_layers,num_nodes,batch_size,MAPE,MSE,R2
0.0005,5,250,128,66.71283107191366,1711775.4532916837,0.14209869636380057
0.0005,5,300,128,66.4542050017066,1635476.7355949217,0.1803378060857862
0.001,5,250,128,59.74801419265955,1677418.3552321529,0.15931765995960923
0.001,5,300,128,57.90905782174649,1730421.1365677076,0.13275392163944721
