learning_rate,num_layers,num_nodes,batch_size,MAPE,R2
0.001,3,200,128,0.28028017373628983,0.8767882688420431
0.001,3,250,128,0.29425507550100977,0.8879822943585381
0.001,3,300,128,0.1775909111506943,0.9169662019031983
0.001,4,200,128,0.15761770913173434,0.9102955616174648
0.001,4,250,128,0.1872842837917321,0.9081604248820051
0.001,4,300,128,0.18499007351662272,0.9099657963699712
0.001,6,200,128,0.24410485533421422,0.8937453997298058
0.001,6,250,128,0.2145666677468679,0.9164108746382549
0.001,6,300,128,0.23234283413915097,0.8946272379058016
