learning_rate,num_layers,num_nodes,batch_size,MAPE,R2
0.0005,4,200,64,49.876874939449706,0.49840885508091104
0.0005,4,200,128,43.182314231946265,0.7065096618743063
0.001,4,200,64,43.89100208963772,0.6908018284336344
0.001,4,200,128,28.60570011121387,0.8436541081621469
