learning_rate,num_layers,num_nodes,batch_size,MAPE,R2
0.0005024655514163868,3.9817584416048155,200.32137802835658,63.68019792963156,49.66897111359749,0.49985911114958914
0.0005033953271504698,4.01348084902202,200.60953011943,129.53553087419098,43.31610640981251,0.7079159562679358
0.0009935484515930311,4.06799211704337,201.58199706999264,62.53383716744214,44.17412806244005,0.6889316983780882
0.0009915439263908658,3.992231732241232,194.73424218616714,130.1150434655333,28.421267231064586,0.8533921097117786
