learning_rate,num_layers,num_nodes,batch_size,MAPE,R2
0.0010024547460404072,3.0073307154274853,202.94084107965227,16.14636235853322,406.0593730358471,-8.059914537376175
0.0010117477285501218,2.9713367307711263,199.92735794866675,31.94683791729287,403.6671762692083,-7.962010359387701
0.0010160271003697146,2.989846928573675,250.4439886019899,16.127700327030237,401.6931202607008,-8.133522403081479
0.0010142601171449846,3.03839020676992,250.07449406123044,32.03174043488835,400.16967887614004,-7.941769321728085
0.0009906861398018918,4.011014623952322,199.54778607194166,16.164010801719705,406.4773051923508,-7.941942296552423
0.001004852633251162,4.036602375251424,201.0354901056827,32.233837631440494,402.54780181996125,-8.148756280669437
0.001031235721559571,3.9867360569179424,250.3370735865483,16.04946266926822,398.42050112429865,-7.95894747028387
0.0009785843342845484,4.006881049204506,250.69914638702616,31.849245018163536,389.20755352736035,-7.982981806596676
