learning_rate,num_layers,num_nodes,batch_size,MAPE,R2
0.001,3,200,16,400.1239872958697,-7.994501372316137
0.001,3,200,32,400.1239872958697,-7.994501372316137
0.001,3,250,16,400.1239872958697,-7.994501372316137
0.001,3,250,32,400.1239872958697,-7.994501372316137
0.001,4,200,16,400.1239872958697,-7.994501372316137
0.001,4,200,32,400.1239872958697,-7.994501372316137
0.001,4,250,16,400.1239872958697,-7.994501372316137
0.001,4,250,32,400.1239872958697,-7.994501372316137
