learning_rate,num_layers,num_nodes,batch_size,MAPE,R2
0.0005,4,250,16,400.1239872958697,-7.994501372316137
