learning_rate,num_layers,num_nodes,batch_size,MAPE,R2
0.0005089414211749438,4.06763673317693,253.11900051567383,16.03170904629223,398.5212136250275,-8.106641984111118
