learning_rate,num_layers,num_nodes,batch_size,MAPE_last_col,R2_last_col
0.001,3,200,128,0.5671865869139263,0.5321603705936631
0.001,3,250,128,0.5988780014197816,0.539458509898042
0.001,3,300,128,0.49799077492512567,0.5285351965432306
0.001,4,200,128,0.4815444056133676,0.5540083467232476
0.001,4,250,128,0.6117113601586772,0.5363668573439568
0.001,4,300,128,0.5888035059752001,0.5507992903604635
0.001,5,200,128,0.5291591914486383,0.5770040569921004
0.001,5,250,128,0.4510451899881361,0.5596587911017548
0.001,5,300,128,0.4953915540715797,0.5816673554439937
