learning_rate,num_layers,num_nodes,batch_size,MAPE_last_col,R2_last_col
0.0010045734246946496,2.996766991158171,198.92032445509375,128.01282891637868,0.5655392561939768,0.5256126264899805
0.0010201091960787482,3.0389538040864545,250.2998062215301,129.7531172592617,0.6008963192106455,0.5368903337781322
0.000988099014896408,3.0257369213126295,303.1339165000415,129.17404440352516,0.4937508702006376,0.5295275217843258
0.001000779601648585,3.9761923659557654,196.768349064523,126.40450818038673,0.49676736488392836,0.556817982148301
0.0010086109441853307,4.020609311401533,248.71204261809083,126.10493990326016,0.6128227063384423,0.5328367262121689
0.000999101445119143,3.9518547506032147,298.1093043320765,128.1264878692645,0.593506386172479,0.545517479595727
0.0010128922320686408,4.920735534194301,198.38813647513484,128.1296498942604,0.5307727708892553,0.5856873102172461
0.000996648897620504,5.024764852896196,249.90604691026837,128.25026116298434,0.4501880631116352,0.5686661971715458
0.0009971496196392714,5.043480397216061,301.6085941017743,127.64525372525699,0.4940512671643525,0.5773748524949073
